"YEAR","STATEFIP","COUNTY","AGE","SEX","RACE","ASIAN","EMPSTAT","OCC2010","IND","EDUC","EDUC99","UHRSWORKLY","INCTOT","INCWAGE"
2015,25,0,37,1,651,70,10,6230,770,111,15,40,50000,0
2015,25,0,16,2,651,20,34,9999,0,40,6,999,0,0
2015,25,0,80,1,651,70,36,9999,0,123,16,999,114001,0
2015,25,0,57,2,651,10,10,4110,8680,73,10,40,19674,19000
2015,25,25009,44,1,651,50,12,3060,8190,125,18,40,250040,250000
2015,25,25009,44,2,651,50,34,9999,0,123,16,999,20,0
2015,25,25009,17,1,651,50,34,9999,0,50,7,999,0,0
2015,25,25009,14,2,651,50,0,9999,0,1,0,999,999999999,99999999
2015,25,25009,39,1,651,70,10,8030,2880,73,10,40,18364,18347
2015,25,25009,11,1,651,70,0,9999,0,1,0,999,999999999,99999999
2015,25,25009,4,1,651,70,0,9999,0,1,0,999,999999999,99999999
2015,25,25009,23,2,651,70,10,4760,5170,73,10,35,16801,16800
2015,25,25009,1,1,651,70,0,9999,0,1,0,999,999999999,99999999
2015,25,25009,45,2,651,70,34,9999,0,73,10,999,4808,0
2015,25,25009,35,2,651,10,10,4720,4970,111,15,20,23264,20100
2015,25,25009,10,2,651,10,0,9999,0,1,0,999,999999999,99999999
2015,25,25009,7,1,651,10,0,9999,0,1,0,999,999999999,99999999
2015,25,25009,44,1,651,70,10,8965,4470,81,11,50,28314,27000
2015,25,25009,43,2,651,70,10,1550,3190,73,10,40,10014,10000
2015,25,25009,19,1,651,70,10,5620,3390,73,10,999,0,0
2015,25,25009,17,1,651,70,34,9999,0,50,7,999,2,0
2015,25,25017,32,1,651,10,10,1020,7380,111,15,40,120000,120000
2015,25,25017,36,1,651,10,10,1020,7380,123,16,45,136110,135000
2015,25,25017,32,2,651,10,34,9999,0,123,16,999,0,0
2015,25,25017,5,1,651,10,0,9999,0,1,0,999,999999999,99999999
2015,25,25017,33,1,651,10,10,1020,2190,111,15,40,90671,90000
2015,25,25017,33,2,651,10,34,9999,0,111,15,999,1,0
2015,25,25017,2,2,651,10,0,9999,0,1,0,999,999999999,99999999
2015,25,25017,65,1,651,20,10,1320,3580,81,11,40,80225,80000
2015,25,25017,62,2,651,70,36,9999,0,10,4,999,0,0
2015,25,25017,26,1,651,10,10,1020,7380,123,16,45,114579,80000
2015,25,25017,28,1,651,10,10,1020,7380,123,16,45,70000,70000
2015,25,25017,32,1,651,20,10,5700,7380,123,16,40,30000,30000
2015,25,25017,30,2,651,50,10,1820,7870,125,18,40,35000,35000
2015,25,25017,42,2,651,50,10,3110,8190,123,16,45,167998,125000
2015,25,25017,67,1,651,40,10,2200,7870,125,18,40,140100,140000
2015,25,25017,65,2,651,40,10,2430,7870,111,15,25,40000,40000
2015,25,25017,30,1,651,70,10,1300,7490,111,15,47,62105,62000
2015,25,25017,47,2,651,30,10,5560,6370,111,15,40,57005,57000
2015,25,25017,14,1,651,30,0,9999,0,1,0,999,999999999,99999999
2015,25,25017,65,2,651,70,36,9999,0,73,10,999,36273,0
2015,25,25017,69,1,651,70,10,10,4170,123,16,40,167715,117000
2015,25,25017,30,1,651,70,10,4840,7580,111,15,45,126006,126000
2015,25,25017,33,2,651,20,10,2310,7860,123,16,40,10025,10000
2015,25,25017,26,1,651,50,10,800,7280,111,15,45,138853,135000
2015,25,25017,23,2,651,20,10,1020,7380,111,15,45,115001,115000
2015,25,25017,28,1,651,10,10,30,7380,123,16,40,91442,90000
2015,25,25017,27,1,651,10,10,1000,7380,123,16,45,24184,24000
2015,25,25017,43,2,651,50,10,4760,4795,111,15,40,91696,90000
2015,25,25017,4,1,651,30,0,9999,0,1,0,999,999999999,99999999
2015,25,25017,33,1,651,20,10,1020,7380,123,16,40,145000,140000
2015,25,25017,34,2,651,20,34,9999,0,123,16,999,0,0
2015,25,25017,7,1,651,20,0,9999,0,1,0,999,999999999,99999999
2015,25,25017,45,2,651,20,10,1020,7380,123,16,40,142165,130000
2015,25,25017,45,1,651,20,10,1350,2190,125,18,40,63308,60000
2015,25,25017,10,1,651,20,0,9999,0,1,0,999,999999999,99999999
2015,25,25017,9,1,651,20,0,9999,0,1,0,999,999999999,99999999
2015,25,25017,12,2,651,20,0,9999,0,1,0,999,999999999,99999999
2015,25,25017,18,1,651,20,34,9999,0,60,8,999,0,0
2015,25,25017,38,2,651,70,10,8740,3365,73,10,40,26000,26000
2015,25,25017,20,2,651,70,34,9999,0,60,8,999,11,0
2015,25,25017,17,2,651,70,34,9999,0,50,7,999,0,0
2015,25,25017,6,2,651,70,0,9999,0,1,0,999,999999999,99999999
2015,25,25017,3,2,651,70,0,9999,0,1,0,999,999999999,99999999
2015,25,25017,56,1,651,60,10,4700,4770,111,15,45,61010,41000
2015,25,25017,57,2,651,60,10,4760,4770,10,4,20,4005,4000
2015,25,25017,51,2,651,20,10,7720,3390,73,10,40,24000,24000
2015,25,25017,55,1,651,20,10,4110,8680,73,10,40,10000,10000
2015,25,25017,15,1,651,20,34,9999,0,40,6,999,0,0
2015,25,25017,17,2,651,20,34,9999,0,50,7,999,1212,0
2015,25,25017,30,1,651,60,10,730,7290,111,15,40,82100,82000
2015,25,25021,57,1,651,60,10,430,7580,73,10,45,80404,80000
2015,25,25021,43,2,651,60,10,4320,8990,73,10,60,90020,90000
2015,25,25021,26,1,651,60,10,120,6870,111,15,40,55740,55000
2015,25,25021,25,1,651,60,21,5700,7290,81,11,15,17259,10000
2015,25,25021,13,1,651,60,0,9999,0,1,0,999,999999999,99999999
2015,25,25021,38,1,651,10,10,1020,7380,123,16,40,40000,40000
2015,25,25021,35,2,651,10,34,9999,0,111,15,999,0,0
2015,25,25021,10,2,651,10,0,9999,0,1,0,999,999999999,99999999
2015,25,25021,7,2,651,10,0,9999,0,1,0,999,999999999,99999999
2015,25,25021,2,1,651,10,0,9999,0,1,0,999,999999999,99999999
2015,25,25021,29,1,651,10,10,1020,7890,123,16,40,140572,140000
2015,25,25021,27,2,651,10,21,2630,1480,111,15,999,14302,0
2015,25,25021,71,2,651,20,10,2040,9160,123,16,40,55027,55000
2015,25,25021,62,1,651,20,10,2630,7380,123,16,40,34000,34000
2015,25,25021,26,2,651,70,34,9999,0,92,14,999,0,0
2015,25,25021,17,1,651,70,34,4060,8680,40,6,8,221,200
2015,25,25021,17,1,651,50,21,4110,8290,50,7,20,5002,5000
2015,25,25021,25,1,651,20,34,9999,0,123,16,999,0,0
2015,25,25021,24,2,651,20,34,9999,0,123,16,999,0,0
2015,25,25021,50,2,651,20,10,120,6870,81,11,60,86580,85000
2015,25,25021,22,1,651,20,34,9999,0,111,15,999,0,0
2015,25,25023,20,1,651,20,34,9999,0,81,11,15,2500,2500
2015,25,25025,75,1,651,20,36,9999,0,20,5,999,0,0
2015,25,25025,74,2,651,20,36,9999,0,20,5,999,0,0
2015,25,25025,47,1,651,70,10,4760,5790,111,15,40,45000,35000
2015,25,25025,30,2,651,70,34,9999,0,81,11,999,0,0
2015,25,25025,2,1,651,70,0,9999,0,1,0,999,999999999,99999999
2015,25,25025,26,1,651,50,34,9999,0,111,15,40,57000,57000
2015,25,25025,22,2,651,20,34,9999,0,111,15,999,61000,0
2015,25,25025,26,2,651,20,10,30,7470,123,16,40,80029,80000
2015,25,25025,22,1,651,20,34,9999,0,111,15,999,0,0
2015,25,25025,28,2,651,10,10,2100,7270,124,17,50,170221,169500
2015,25,25025,75,2,651,20,36,9999,0,20,5,999,0,0
2015,25,25025,74,1,651,20,36,9999,0,20,5,999,0,0
2015,25,25025,50,1,651,20,10,2310,7860,123,16,55,141000,86000
2015,25,25025,38,2,651,50,10,2810,7590,111,15,30,40024,0
2015,25,25025,36,1,651,30,10,120,6970,123,16,40,215023,185000
2015,25,25005,75,2,651,20,10,2320,7860,123,16,40,43385,30780
2015,25,25015,25,2,651,10,10,1610,7870,123,16,20,23001,23000
2015,25,25015,32,2,651,50,10,2200,7870,123,16,20,18001,18000
2015,25,25015,29,2,651,10,10,2200,7870,123,16,20,23000,23000
2015,25,25015,21,1,651,60,10,5320,7870,81,11,40,76210,1200
2015,25,25015,20,2,651,20,34,9999,0,81,11,3,45200,200
2015,25,25015,20,2,651,20,34,9999,0,81,11,999,8002,0
2015,25,25027,36,1,651,40,10,1460,7290,123,16,40,120040,120000
2015,25,25027,35,1,651,10,10,120,7460,111,15,20,41040,1000
2015,25,25027,33,2,651,10,10,30,4970,111,15,40,120000,120000
2015,25,25027,6,1,651,10,0,9999,0,1,0,999,999999999,99999999
2015,25,25027,1,2,651,10,0,9999,0,1,0,999,999999999,99999999
2015,25,25027,59,2,651,10,10,1550,3960,73,10,40,30992,30992
2015,25,25027,65,1,651,10,36,9999,0,73,10,999,0,0
2015,25,0,33,1,651,30,10,3650,8190,111,15,55,160360,160000
2015,25,0,34,2,651,30,34,9999,0,111,15,999,0,0
2015,25,0,1,1,651,30,0,9999,0,1,0,999,999999999,99999999
2015,25,0,25,2,651,20,10,800,3390,111,15,40,65009,65000
2015,25,0,49,2,651,10,34,9999,0,123,16,999,2409,0
2015,25,0,55,1,651,10,10,800,3390,123,16,40,100032,100000
2015,25,0,13,1,651,10,0,9999,0,1,0,999,999999999,99999999
2015,25,0,65,2,651,60,32,9999,0,50,7,999,7200,0
2015,25,0,69,1,651,60,32,9999,0,73,10,999,7200,0
2015,25,0,49,2,651,10,34,9999,0,125,18,999,6903,0
2015,25,0,48,1,651,10,10,1760,3390,125,18,50,65543,50000
2015,25,0,15,1,651,10,34,9999,0,40,6,999,0,0
2015,25,0,64,1,651,60,10,4030,8660,111,15,40,22074,22000
2015,25,0,56,2,651,60,21,8965,1870,73,10,999,0,0
2015,25,0,36,1,651,60,32,9999,0,73,10,999,0,0
2015,25,0,62,1,651,70,36,9999,0,123,16,999,85034,0
2015,25,0,62,2,651,60,36,9999,0,123,16,999,12834,0
2015,25,0,53,1,651,20,10,2630,7780,111,15,45,50006,50000
2015,25,0,10,2,651,20,0,9999,0,1,0,999,999999999,99999999
2015,25,0,6,2,651,20,0,9999,0,1,0,999,999999999,99999999
2015,25,0,85,1,651,20,36,9999,0,124,17,999,0,0
2015,25,0,48,2,651,30,34,9999,0,81,11,999,0,0
2015,25,0,49,1,651,10,10,110,6870,123,16,40,118043,118000
2015,25,0,23,1,651,70,10,5620,4380,81,11,40,48000,48000
2015,25,0,49,2,651,70,10,8740,3370,73,10,40,40029,40000
2015,25,0,13,1,651,70,0,9999,0,1,0,999,999999999,99999999
2015,25,0,31,2,651,70,10,3600,8180,91,13,30,25286,18000
2015,25,0,10,2,651,70,0,9999,0,1,0,999,999999999,99999999
2015,25,0,2,1,651,70,0,9999,0,1,0,999,999999999,99999999
2015,25,0,34,1,651,70,10,7750,3190,81,11,40,45029,45000
2015,25,0,24,1,651,40,34,9999,0,111,15,999,0,0
2015,25,0,24,1,651,30,34,9999,0,111,15,999,0,0
2015,25,0,52,2,651,40,10,310,8680,92,14,24,15040,15000
2015,25,0,33,1,651,10,10,1010,7380,123,16,40,95055,95000
2015,25,0,78,1,651,20,36,9999,0,111,15,999,20748,0
2015,25,0,64,2,651,10,10,5120,8470,111,15,40,29771,24500
2015,25,0,31,2,651,50,10,2310,7860,123,16,60,60075,60000
2015,25,0,37,2,651,10,10,1320,3580,123,16,40,91000,91000
2015,25,0,39,1,651,10,10,1000,7390,111,15,40,114000,114000
2015,25,0,11,2,651,10,0,9999,0,1,0,999,999999999,99999999
2015,25,0,4,2,651,10,0,9999,0,1,0,999,999999999,99999999
2015,25,0,23,1,651,70,21,8740,6270,73,10,15,2000,2000
2015,25,0,49,1,651,70,10,7200,4670,111,15,40,45000,45000
2015,25,0,26,2,651,70,10,4610,8370,81,11,40,10000,10000
2015,25,0,23,2,651,70,10,4010,8680,81,11,20,10000,10000
2015,25,0,21,2,651,70,10,5610,6380,73,10,8,2777,2777
2015,25,0,49,1,651,70,10,7720,3390,71,9,40,24000,24000
2015,25,0,50,2,651,70,21,3600,8170,73,10,999,0,0
2015,25,0,79,2,651,70,36,9999,0,50,7,999,0,0
2015,25,0,80,1,651,70,36,9999,0,111,15,999,0,0
2015,25,0,45,2,651,10,10,2330,7860,111,15,40,35019,35000
2015,25,0,62,1,651,10,10,1020,3390,123,16,50,140069,140000
2015,25,0,17,1,651,10,34,9999,0,50,7,999,0,0
2015,25,0,7,2,651,10,0,9999,0,1,0,999,999999999,99999999
2015,25,0,52,2,651,60,10,1530,7870,123,16,40,139,122
2015,25,0,44,1,651,20,10,1020,7380,125,18,40,100000,100000
2015,25,0,44,2,651,20,34,9999,0,111,15,999,32,0
2015,25,0,16,1,651,20,34,9999,0,60,8,999,0,0
2015,25,0,34,1,651,10,10,3060,8190,125,18,50,150000,150000
2015,25,0,30,1,651,10,10,2630,7380,123,16,40,85086,85000
2015,25,0,61,2,651,20,10,5860,4970,73,10,40,48000,48000
2015,25,0,63,1,651,20,10,4150,8680,73,10,40,20000,20000
2015,25,0,22,1,651,20,34,9999,0,81,11,999,0,0
2015,25,0,73,2,651,70,10,4760,5790,73,10,35,23356,23000
2015,25,0,72,1,651,70,10,4000,4970,73,10,35,10000,10000
2015,25,0,18,1,651,70,34,9999,0,73,10,999,0,0
2015,25,0,2,2,651,70,0,9999,0,1,0,999,999999999,99999999
2015,25,0,78,1,651,50,10,4000,4970,73,10,30,71063,14000
2015,25,0,26,2,651,10,10,4760,5790,73,10,30,15600,15600
2015,25,0,26,1,651,70,10,4760,5380,111,15,40,25000,25000
2015,25,0,46,1,651,20,10,2320,7860,123,16,50,91090,91000
2015,25,0,68,1,651,50,10,4760,5380,111,15,21,57173,35000
2015,25,0,64,2,651,50,10,4920,7070,111,15,30,67216,65000
2015,25,0,50,1,651,30,10,3300,8180,111,15,40,70000,70000
2015,25,0,46,2,651,30,10,4200,8660,81,11,999,0,0
2015,25,0,20,1,651,30,10,5240,3390,81,11,40,15000,15000
2015,25,0,17,1,651,30,34,9999,0,60,8,999,0,0
2015,25,0,31,1,651,20,10,2200,7870,123,16,20,10000,10000
2015,25,0,32,2,651,20,34,9999,0,111,15,999,0,0
2015,25,0,0,2,651,20,0,9999,0,1,0,999,999999999,99999999
2015,25,0,43,2,651,20,12,220,770,92,14,40,71016,75000
2015,25,0,44,1,651,70,10,8740,3960,92,14,40,46850,47000
2015,25,0,13,2,651,70,0,9999,0,1,0,999,999999999,99999999
2015,25,0,9,2,651,70,0,9999,0,1,0,999,999999999,99999999
2015,25,0,57,1,651,10,10,7010,8790,111,15,40,46180,45000
2015,25,0,50,2,651,10,10,5160,6870,111,15,52,22003,22000
2015,25,0,22,2,651,10,10,30,7390,111,15,999,10500,0
2015,25,0,20,1,651,10,10,1000,7460,81,11,999,3161,0
2015,25,0,16,2,651,10,34,9999,0,40,6,999,6,0
2015,25,0,77,2,651,10,36,9999,0,10,4,999,0,0
2015,25,0,85,1,651,10,36,9999,0,50,7,999,0,0
2015,25,0,59,1,651,60,10,6230,770,10,4,40,13000,13000
2015,25,0,55,2,651,60,32,9999,0,20,5,999,1430,0
2015,25,0,32,1,651,60,10,4520,8990,30,5,30,17000,17000
2015,25,0,30,1,651,60,32,9999,0,30,5,999,0,0
2015,25,0,19,1,651,60,34,9999,0,30,5,999,0,0
2015,25,0,42,1,651,40,10,1650,8190,125,18,40,20134,20000
2015,25,0,34,2,651,40,34,9999,0,124,17,999,152,0
2015,25,0,1,1,651,40,0,9999,0,1,0,999,999999999,99999999
2015,25,0,38,1,651,50,10,4000,8680,73,10,40,28000,28000
2015,25,0,48,2,651,50,22,9999,0,73,10,999,0,0
2015,25,0,14,1,651,50,0,9999,0,1,0,999,999999999,99999999
2015,25,0,41,1,651,30,10,220,4490,111,15,50,75000,75000
2015,25,0,48,1,651,30,10,5620,4970,111,15,48,151292,150000
2015,25,0,50,2,651,30,10,5620,5380,73,10,30,20000,20000
2015,25,0,40,2,651,10,10,710,7390,123,16,45,139187,0
2015,25,0,32,2,651,70,10,4520,8990,81,11,40,20800,20800
2015,25,0,8,2,651,70,0,9999,0,1,0,999,999999999,99999999
2015,25,0,7,1,651,70,0,9999,0,1,0,999,999999999,99999999
2015,25,0,65,2,651,70,36,9999,0,73,10,999,0,0
2015,25,0,26,1,651,70,10,4760,5480,81,11,1,50,50
2015,25,0,71,2,651,60,36,9999,0,30,5,999,9122,0
2015,25,0,22,2,651,20,34,9999,0,81,11,999,0,0
2015,25,0,22,2,651,20,34,9999,0,81,11,999,0,0
2015,25,0,22,2,651,20,34,9999,0,111,15,25,155006,15000
2015,25,0,27,2,651,50,10,420,8370,111,15,40,40000,36000
2015,25,0,32,2,651,10,10,3060,8190,124,17,80,155110,155000
2015,25,0,26,2,651,50,10,730,7890,111,15,40,51245,51000
2015,25,0,32,2,651,70,10,2100,6990,125,18,40,101525,100000
2015,25,0,44,1,651,10,10,1020,7380,123,16,45,119923,105000
2015,25,0,39,2,651,10,10,430,3365,111,15,45,136615,135000
2015,25,0,13,2,651,10,0,9999,0,1,0,999,999999999,99999999
2015,25,0,6,1,651,10,0,9999,0,1,0,999,999999999,99999999
2015,25,0,55,1,651,70,10,30,7380,123,16,45,90655,90000
2015,25,0,14,1,651,70,0,9999,0,1,0,999,999999999,99999999
2015,25,0,11,1,651,70,0,9999,0,1,0,999,999999999,99999999
2015,25,0,66,2,651,50,36,9999,0,30,5,999,0,0
2015,25,0,66,2,651,60,10,4500,8970,2,1,20,13200,13000
2015,25,0,39,1,651,10,10,3060,8190,124,17,40,81160,65000
2015,25,0,42,2,651,10,10,3060,8190,124,17,24,106030,106000
2015,25,0,7,2,651,10,0,9999,0,1,0,999,999999999,99999999
2015,25,0,6,1,651,10,0,9999,0,1,0,999,999999999,99999999
2015,25,0,1,1,651,10,0,9999,0,1,0,999,999999999,99999999
2015,25,0,73,2,651,10,36,9999,0,123,16,999,0,0
2015,25,0,34,1,651,60,10,2310,7860,111,15,40,60602,60000
2015,25,0,56,2,651,60,36,9999,0,30,5,999,3600,0
2015,25,0,52,1,651,10,10,110,7380,123,16,40,152010,150000
2015,25,0,49,2,651,10,10,1020,7380,111,15,40,102010,100000
2015,25,0,25,1,651,10,34,9999,0,111,15,999,0,0
2015,25,0,54,1,651,10,10,110,7380,125,18,40,152225,150000
2015,25,0,49,2,651,10,10,3060,7970,124,17,40,301887,300000
2015,25,0,22,1,651,10,10,840,6970,111,15,999,0,0
2015,25,0,19,1,651,10,34,9999,0,81,11,999,0,0
2016,25,0,38,1,651,70,10,6230,770,111,15,40,25000,0
2016,25,0,23,1,651,20,10,2200,7870,111,15,20,15002,15000
2016,25,0,28,1,651,20,34,9999,0,111,15,999,0,0
2016,25,0,25,1,651,20,10,2200,7870,111,15,20,25000,25000
2016,25,25001,16,2,651,20,10,4720,4970,60,8,999,0,0
2016,25,25001,69,2,651,50,36,9999,0,111,15,999,27659,0
2016,25,25009,35,2,651,70,34,9999,0,73,10,999,0,0
2016,25,25009,45,1,651,70,10,4700,5090,111,15,40,54584,52000
2016,25,25009,8,1,651,70,0,9999,0,1,0,999,999999999,99999999
2016,25,25009,5,2,651,70,0,9999,0,1,0,999,999999999,99999999
2016,25,25009,1,2,651,70,0,9999,0,1,0,999,999999999,99999999
2016,25,25009,33,2,651,60,10,800,1990,92,14,40,32061,32000
2016,25,25009,45,1,651,50,10,3060,8190,124,17,40,250024,250000
2016,25,25009,45,2,651,50,34,9999,0,123,16,999,24,0
2016,25,25009,18,1,651,50,34,9999,0,60,8,999,0,0
2016,25,25009,15,2,651,50,34,9999,0,40,6,999,0,0
2016,25,25009,43,2,651,50,10,2000,8370,123,16,40,51228,43000
2016,25,25017,31,2,651,10,10,730,8180,111,15,40,45000,45000
2016,25,25017,32,1,651,10,10,110,3365,123,16,50,100040,95000
2016,25,25017,29,2,651,10,34,9999,0,81,11,999,0,0
2016,25,25017,1,1,651,10,0,9999,0,1,0,999,999999999,99999999
2016,25,25017,69,1,651,40,10,2200,7870,125,18,50,72002,72000
2016,25,25017,66,2,651,40,10,2430,7870,111,15,35,52002,52000
2016,25,25017,50,2,651,20,34,9999,0,123,16,999,3059,0
2016,25,25017,46,1,651,20,10,10,7380,124,17,60,256025,250000
2016,25,25017,14,2,651,20,0,9999,0,1,0,999,999999999,99999999
2016,25,25017,43,2,651,50,10,3110,8190,123,16,40,137073,130000
2016,25,25017,51,2,651,10,10,840,6870,125,18,45,204271,200000
2016,25,25017,34,1,651,10,10,110,2190,111,15,50,100040,95000
2016,25,25017,34,2,651,10,34,9999,0,111,15,999,0,0
2016,25,25017,3,2,651,10,0,9999,0,1,0,999,999999999,99999999
2016,25,25017,52,1,651,10,10,140,3370,123,16,60,94010,94000
2016,25,25017,46,2,651,10,10,430,1090,123,16,40,104130,100000
2016,25,25017,12,2,651,10,0,9999,0,1,0,999,999999999,99999999
2016,25,25017,8,1,651,10,0,9999,0,1,0,999,999999999,99999999
2016,25,25017,29,2,651,20,10,1550,3380,92,14,40,43169,35000
2016,25,25017,34,2,651,20,10,2540,8470,123,16,40,24601,22000
2016,25,25017,78,2,651,20,36,9999,0,73,10,999,12600,0
2016,25,25017,33,2,651,30,10,3130,8190,123,16,12,8000,6000
2016,25,25017,26,2,651,20,10,4720,1190,10,4,40,29000,29000
2016,25,25017,50,1,651,70,10,9640,3960,73,10,40,35000,35000
2016,25,25017,52,2,651,70,10,7700,4170,73,10,40,45000,45000
2016,25,25017,29,1,651,70,10,9640,3960,73,10,999,0,0
2016,25,25017,29,1,651,70,10,6355,770,73,10,52,64219,64219
2016,25,25017,25,1,651,70,10,4130,8680,73,10,40,28000,28000
2016,25,25017,67,2,651,70,36,9999,0,125,18,999,5,0
2016,25,25017,70,1,651,70,36,9999,0,81,11,999,21965,0
2016,25,25017,25,2,651,70,34,9999,0,73,10,999,54,0
2016,25,25017,31,1,651,70,10,4840,7580,73,10,40,20000,20000
2016,25,25017,40,1,651,70,34,9999,0,73,10,999,0,0
2016,25,25017,12,1,651,70,0,9999,0,1,0,999,999999999,99999999
2016,25,25017,11,2,651,70,0,9999,0,1,0,999,999999999,99999999
2016,25,25017,8,2,651,70,0,9999,0,1,0,999,999999999,99999999
2016,25,25017,7,1,651,70,0,9999,0,1,0,999,999999999,99999999
2016,25,25017,4,2,651,70,0,9999,0,1,0,999,999999999,99999999
2016,25,25017,3,1,651,70,0,9999,0,1,0,999,999999999,99999999
2016,25,25017,1,2,651,70,0,9999,0,1,0,999,999999999,99999999
2016,25,25017,36,2,651,70,21,8965,2170,73,10,40,2002,2002
2016,25,25017,49,1,651,50,10,6260,770,111,15,50,50000,0
2016,25,25017,49,2,651,50,34,9999,0,111,15,999,6460,0
2016,25,25017,23,1,651,50,34,9999,0,81,11,999,0,0
2016,25,25017,19,2,651,50,34,9999,0,73,10,999,0,0
2016,25,25017,16,1,651,50,34,9999,0,50,7,999,0,0
2016,25,25017,45,1,651,20,10,1020,7380,111,15,40,137020,137000
2016,25,25017,44,2,651,20,34,9999,0,123,16,999,0,0
2016,25,25017,12,2,651,20,0,9999,0,1,0,999,999999999,99999999
2016,25,25017,8,1,651,20,0,9999,0,1,0,999,999999999,99999999
2016,25,25017,66,1,651,20,10,1530,3390,81,11,40,70001,70000
2016,25,25017,62,2,651,70,36,9999,0,10,4,999,0,0
2016,25,25017,41,2,651,70,10,2010,8180,111,15,40,24002,24002
2016,25,25017,48,2,651,30,10,5560,6370,111,15,40,14657,14578
2016,25,25017,14,1,651,30,0,9999,0,1,0,999,999999999,99999999
2016,25,25017,27,1,651,50,10,710,7390,111,15,45,230000,230000
2016,25,25017,25,2,651,20,10,1020,7380,111,15,50,124483,120000
2016,25,25017,25,1,651,20,10,1020,7290,111,15,45,74818,62500
2016,25,25017,41,1,651,10,10,710,7390,123,16,65,1000002,0
2016,25,25017,41,2,651,10,34,9999,0,123,16,999,128,0
2016,25,25017,8,1,651,10,0,9999,0,1,0,999,999999999,99999999
2016,25,25017,3,1,651,10,0,9999,0,1,0,999,999999999,99999999
2016,25,25017,38,1,651,10,10,1050,7380,123,16,50,141001,135000
2016,25,25017,35,2,651,10,10,120,6890,123,16,40,113001,110000
2016,25,25017,12,1,651,10,0,9999,0,1,0,999,999999999,99999999
2016,25,25017,11,1,651,10,0,9999,0,1,0,999,999999999,99999999
2016,25,25017,23,2,651,10,10,710,6890,123,16,40,35000,35000
2016,25,25017,20,2,651,10,34,9999,0,81,11,999,64,0
2016,25,25017,34,2,651,10,12,3060,8190,124,17,50,60605,60000
2016,25,25017,23,2,651,70,34,9999,0,81,11,999,0,0
2016,25,25017,31,2,651,50,10,3240,7870,125,18,40,41000,41000
2016,25,25017,33,1,651,20,10,5940,7380,123,16,40,44011,44000
2016,25,25017,48,2,651,30,34,9999,0,123,16,999,21,0
2016,25,25017,29,1,651,10,10,1020,7380,123,16,40,100000,100000
2016,25,25017,28,1,651,10,10,1020,7380,123,16,40,75000,75000
2016,25,25017,49,2,651,20,10,230,7870,125,18,35,125015,125000
2016,25,25017,49,1,651,20,10,2200,7870,123,16,35,120015,120000
2016,25,25017,17,2,651,20,34,9999,0,50,7,999,0,0
2016,25,25017,36,1,651,70,10,4000,8660,111,15,45,27000,27000
2016,25,25017,35,2,651,70,10,4030,8680,73,10,28,17000,17000
2016,25,25017,6,1,651,70,0,9999,0,1,0,999,999999999,99999999
2016,25,25017,74,1,651,10,36,9999,0,73,10,999,21659,0
2016,25,25017,80,2,651,10,36,9999,0,111,15,999,10800,0
2016,25,25017,73,1,651,10,36,9999,0,111,15,40,55664,40000
2016,25,25017,66,2,651,10,34,9999,0,73,10,999,1307,0
2016,25,25017,33,1,651,70,10,7750,3380,73,10,40,50000,50000
2016,25,25017,26,2,651,70,10,5160,6870,73,10,40,270000,270000
2016,25,25017,53,2,651,70,32,9999,0,20,5,999,0,0
2016,25,25017,57,1,651,70,32,9999,0,30,5,999,9288,0
2016,25,25017,34,1,651,20,10,1020,6672,123,16,40,70375,70000
2016,25,25017,35,2,651,20,34,9999,0,123,16,999,0,0
2016,25,25017,8,1,651,20,0,9999,0,1,0,999,999999999,99999999
2016,25,25017,0,2,651,20,0,9999,0,1,0,999,999999999,99999999
2016,25,25017,46,2,651,20,10,1020,7380,123,16,40,103615,102000
2016,25,25017,45,1,651,20,10,300,2190,125,18,52,156647,155000
2016,25,25017,11,1,651,20,0,9999,0,1,0,999,999999999,99999999
2016,25,25017,10,1,651,20,0,9999,0,1,0,999,999999999,99999999
2016,25,25017,38,1,651,20,10,1020,7380,111,15,40,125481,115000
2016,25,25017,40,2,651,20,34,9999,0,111,15,999,0,0
2016,25,25017,13,1,651,20,0,9999,0,1,0,999,999999999,99999999
2016,25,25017,44,1,651,50,10,430,3960,125,18,40,151100,150000
2016,25,25017,45,2,651,50,34,9999,0,111,15,999,0,0
2016,25,25017,15,2,651,50,34,9999,0,40,6,999,0,0
2016,25,25017,9,1,651,50,0,9999,0,1,0,999,999999999,99999999
2016,25,25017,5,2,651,50,0,9999,0,1,0,999,999999999,99999999
2016,25,25017,33,1,651,70,10,7855,1290,73,10,40,22000,22000
2016,25,25017,27,2,651,70,10,4720,8680,73,10,20,8000,8000
2016,25,25017,5,2,651,70,0,9999,0,1,0,999,999999999,99999999
2016,25,25017,2,2,651,70,0,9999,0,1,0,999,999999999,99999999
2016,25,25017,28,2,651,70,34,9999,0,73,10,40,14000,14000
2016,25,25017,0,1,651,70,0,9999,0,1,0,999,999999999,99999999
2016,25,25017,30,1,651,70,34,9999,0,81,11,20,12000,7000
2016,25,25017,13,2,651,20,0,9999,0,1,0,999,999999999,99999999
2016,25,25017,58,1,651,60,10,4700,4770,73,10,40,40000,0
2016,25,25017,58,2,651,60,10,5700,4770,73,10,999,223,0
2016,25,25017,21,1,651,60,34,9999,0,81,11,999,0,0
2016,25,25017,52,2,651,20,21,7720,3490,73,10,40,12000,12000
2016,25,25017,56,1,651,20,10,4000,8680,73,10,40,20000,20000
2016,25,25017,17,1,651,20,34,9999,0,50,7,999,0,0
2016,25,25017,31,1,651,60,10,1960,7460,111,15,50,29100,29000
2016,25,25017,23,1,651,60,10,2200,7870,111,15,40,20010,20000
2016,25,25017,22,1,651,30,10,3300,8190,111,15,40,55577,55000
2016,25,25017,32,1,651,10,10,620,7580,123,16,999,0,0
2016,25,25017,30,2,651,10,10,1060,7580,123,16,999,0,0
2016,25,25017,3,2,651,10,0,9999,0,1,0,999,999999999,99999999
2016,25,25017,27,2,651,20,10,30,6990,123,16,40,90000,90000
2016,25,25021,17,2,651,20,10,4720,4980,60,8,999,0,0
2016,25,25021,40,2,651,20,34,9999,0,73,10,999,0,0
2016,25,25021,40,1,651,20,10,6230,770,73,10,40,27896,25000
2016,25,25021,4,1,651,20,0,9999,0,1,0,999,999999999,99999999
2016,25,25021,1,1,651,20,0,9999,0,1,0,999,999999999,99999999
2016,25,25021,61,1,651,60,10,950,6890,111,15,40,96000,96000
2016,25,25021,55,2,651,60,10,7720,3390,73,10,40,37607,37602
2016,25,25021,18,2,651,60,34,9999,0,60,8,30,3000,3000
2016,25,25021,18,1,651,70,10,4060,8680,50,7,20,22505,22500
2016,25,25021,57,1,651,60,10,430,7580,73,10,50,60794,52000
2016,25,25021,44,2,651,60,10,4320,8990,73,10,50,41952,35000
2016,25,25021,27,1,651,60,10,710,6870,111,15,40,65000,65000
2016,25,25021,26,1,651,60,10,8965,1680,81,11,30,30476,15000
2016,25,25021,15,1,651,60,34,9999,0,30,5,999,0,0
2016,25,25021,70,2,651,40,36,9999,0,73,10,999,51935,0
2016,25,25021,63,1,651,40,32,9999,0,73,10,999,24005,0
2016,25,25021,61,2,651,40,36,9999,0,73,10,999,14976,0
2016,25,25021,61,1,651,40,36,9999,0,73,10,999,50008,0
2016,25,25021,25,2,651,50,10,3130,8190,111,15,40,100000,100000
2016,25,25021,36,1,651,10,10,1010,7380,111,15,40,95016,95000
2016,25,25021,31,2,651,10,34,9999,0,111,15,999,0,0
2016,25,25021,5,1,651,10,0,9999,0,1,0,999,999999999,99999999
2016,25,25021,25,1,651,20,34,9999,0,123,16,999,40000,0
2016,25,25021,25,2,651,20,10,1240,6870,123,16,40,108000,60000
2016,25,25021,18,1,651,50,34,5700,770,60,8,10,2505,2500
2016,25,25021,36,1,651,20,10,6355,770,81,11,40,120100,120000
2016,25,25021,36,2,651,20,10,3130,8190,111,15,24,57089,57000
2016,25,25021,16,1,651,20,34,9999,0,40,6,999,0,0
2016,25,25021,5,1,651,20,0,9999,0,1,0,999,999999999,99999999
2016,25,25021,3,2,651,20,0,9999,0,1,0,999,999999999,99999999
2016,25,25021,36,1,651,10,21,430,7390,123,16,40,20000,20000
2016,25,25021,36,2,651,10,34,9999,0,123,16,999,0,0
2016,25,25021,1,2,651,10,0,9999,0,1,0,999,999999999,99999999
2016,25,25021,49,1,651,10,10,1020,7380,123,16,40,75441,75000
2016,25,25021,47,2,651,10,10,4720,7860,111,15,35,10230,3080
2016,25,25021,18,1,651,10,10,9640,4970,71,9,10,4862,4860
2016,25,25021,12,2,651,10,0,9999,0,1,0,999,999999999,99999999
2016,25,25021,36,1,651,10,10,1020,8180,123,16,40,200331,200000
2016,25,25021,31,2,651,10,34,9999,0,123,16,999,331,0
2016,25,25021,4,1,651,10,0,9999,0,1,0,999,999999999,99999999
2016,25,25021,33,2,651,30,10,800,6890,111,15,50,90072,90000
2016,25,25021,51,2,651,20,12,120,6870,81,11,60,110905,93000
2016,25,25021,24,1,651,20,34,9999,0,111,15,999,304,0
2016,25,25021,69,1,651,20,36,9999,0,73,10,999,13620,0
2016,25,25021,62,2,651,20,10,4150,7670,73,10,35,20001,20000
2016,25,25021,35,1,651,20,10,1530,3380,123,16,40,65203,65000
2016,25,25021,38,2,651,20,10,3060,7970,124,17,40,50003,50000
2016,25,25021,5,2,651,20,0,9999,0,1,0,999,999999999,99999999
2016,25,25021,0,1,651,20,0,9999,0,1,0,999,999999999,99999999
2016,25,25023,21,1,651,20,34,9999,0,81,11,999,1000,0
2016,25,25025,18,1,651,20,34,9999,0,73,10,999,2,0
2016,25,25025,20,1,651,20,34,9999,0,73,10,999,0,0
2016,25,25025,23,2,651,70,34,9999,0,111,15,999,0,0
2016,25,25025,23,2,651,20,34,9999,0,111,15,999,0,0
2016,25,25025,35,2,651,20,10,840,7390,123,16,40,89097,88000
2016,25,25025,31,2,651,70,34,3010,7870,124,17,45,211000,77000
2016,25,25025,66,2,651,50,36,9999,0,123,16,40,34187,0
2016,25,25025,32,1,651,50,10,6230,770,81,11,60,90144,90000
2016,25,25025,20,1,651,40,34,9999,0,73,10,999,39996,0
2016,25,25025,61,2,651,50,10,2810,6470,123,16,30,16000,16000
2016,25,25025,32,1,651,50,10,20,6990,123,16,40,90000,90000
2016,25,25025,27,1,651,50,10,1610,8190,123,16,40,43000,43000
2016,25,25025,48,1,651,70,10,5165,7380,111,15,40,121232,108000
2016,25,25025,31,2,651,70,34,9999,0,81,11,999,0,0
2016,25,25025,2,1,651,70,0,9999,0,1,0,999,999999999,99999999
2016,25,25025,0,1,651,70,0,9999,0,1,0,999,999999999,99999999
2016,25,25025,76,2,651,20,36,9999,0,20,5,999,8796,0
2016,25,25025,75,1,651,20,36,9999,0,20,5,999,3600,0
2016,25,25025,23,2,651,60,34,9999,0,111,15,999,0,0
2016,25,25025,25,2,651,70,34,9999,0,111,15,999,0,0
2016,25,25025,33,2,651,20,10,3310,7970,111,15,40,105251,100200
2016,25,25025,34,1,651,70,10,2630,5380,92,14,40,218090,68000
2016,25,25025,23,2,651,20,34,9999,0,111,15,999,0,0
2016,25,25025,27,2,651,20,34,9999,0,124,17,999,0,0
2016,25,25025,24,1,651,20,34,9999,0,111,15,999,2000,0
2016,25,25025,14,2,651,70,0,9999,0,1,0,999,999999999,99999999
2016,25,25025,25,1,651,10,34,9999,0,111,15,999,0,0
2016,25,25025,23,2,651,10,10,800,7280,111,15,40,48050,48000
2016,25,25025,51,1,651,20,10,2310,7860,123,16,55,99291,94000
2016,25,25025,39,2,651,50,12,2810,6480,111,15,40,25478,0
2016,25,25025,49,2,651,50,34,9999,0,124,17,999,1,0
2016,25,25025,49,1,651,10,10,3060,8190,125,18,999,0,0
2016,25,25025,18,2,651,60,34,9999,0,50,7,999,0,0
2016,25,25025,17,2,651,60,34,9999,0,30,5,999,0,0
2016,25,25025,13,1,651,40,0,9999,0,1,0,999,999999999,99999999
2016,25,25025,34,1,651,10,34,9999,0,111,15,999,10,0
2016,25,25025,35,2,651,10,34,9999,0,111,15,999,10,0
2016,25,25005,37,1,651,70,10,3050,5070,125,18,50,201923,200000
2016,25,25013,25,1,651,70,10,8965,3980,73,10,40,22880,22880
2016,25,25013,50,2,651,70,34,9999,0,20,5,999,0,0
2016,25,25013,27,2,651,70,10,5240,5080,73,10,40,20800,20800
2016,25,25013,31,2,651,70,34,9999,0,73,10,40,4000,4000
2016,25,25013,34,1,651,70,10,9640,1590,73,10,36,25000,25000
2016,25,25013,4,2,651,70,0,9999,0,1,0,999,999999999,99999999
2016,25,25013,0,1,651,70,0,9999,0,1,0,999,999999999,99999999
2016,25,25013,80,2,651,70,34,9999,0,2,1,999,8820,0
2016,25,25013,64,1,651,70,34,9999,0,2,1,999,8820,0
2016,25,25013,44,2,651,70,10,4000,8680,73,10,40,4000,4000
2016,25,25013,44,1,651,60,10,4520,8980,81,11,24,33000,33000
2016,25,25013,72,2,651,60,10,4720,4990,111,15,40,12000,12000
2016,25,25013,14,1,651,60,0,9999,0,1,0,999,999999999,99999999
2016,25,25013,1,1,651,60,0,9999,0,1,0,999,999999999,99999999
2016,25,25015,27,1,651,20,34,9999,0,111,15,999,44052,0
2016,25,25015,25,1,651,20,10,4130,7870,111,15,25,15000,15000
2016,25,25015,23,1,651,20,10,2200,7870,111,15,20,18002,18000
2016,25,25015,22,1,651,20,34,9999,0,81,11,20,8021,2500
2016,25,25015,20,2,651,20,34,9999,0,81,11,999,48000,0
2016,25,25015,26,2,651,10,34,9999,0,123,16,999,0,0
2016,25,25015,31,2,651,10,34,9999,0,123,16,999,106,0
2016,25,25015,23,2,651,10,34,9999,0,123,16,999,0,0
2016,25,25015,70,2,651,70,36,9999,0,125,18,999,0,0
2016,25,25027,31,2,651,30,10,4230,8660,20,5,32,10000,10000
2016,25,25027,66,1,651,70,36,9999,0,2,1,999,23662,0
2016,25,25027,62,2,651,70,36,9999,0,2,1,999,10800,0
2016,25,25027,37,1,651,40,10,1530,7290,123,16,40,65203,65000
2016,25,25027,36,1,651,10,10,120,7460,111,15,40,104407,100000
2016,25,25027,34,2,651,10,10,30,4970,111,15,50,275000,225000
2016,25,25027,8,1,651,10,0,9999,0,1,0,999,999999999,99999999
2016,25,25027,3,2,651,10,0,9999,0,1,0,999,999999999,99999999
2016,25,25027,60,2,651,10,10,1960,7460,73,10,40,45000,45000
2016,25,25027,66,1,651,10,36,9999,0,111,15,999,9000,0
2016,25,25027,16,1,651,70,34,9999,0,50,7,999,0,0
2016,25,25027,15,2,651,70,34,9999,0,30,5,999,0,0
2016,25,25027,12,1,651,70,0,9999,0,1,0,999,999999999,99999999
2016,25,25027,33,1,651,20,10,310,8680,73,10,52,20011,0
2016,25,25027,31,2,651,20,10,310,8680,92,14,40,20001,20000
2016,25,25027,7,2,651,20,0,9999,0,1,0,999,999999999,99999999
2016,25,25027,5,2,651,20,0,9999,0,1,0,999,999999999,99999999
2016,25,25027,3,2,651,20,0,9999,0,1,0,999,999999999,99999999
2016,25,25027,57,2,651,20,34,9999,0,30,5,999,0,0
2016,25,25027,62,1,651,20,10,4000,8680,30,5,40,20005,20000
2016,25,25027,33,2,651,10,34,9999,0,111,15,999,0,0
2016,25,25027,36,1,651,10,10,430,2190,123,16,40,90016,90000
2016,25,25027,2,2,651,10,0,9999,0,1,0,999,999999999,99999999
2016,25,25027,39,1,651,10,10,110,7380,123,16,45,76460,70000
2016,25,25027,36,2,651,70,10,4920,7070,123,16,55,218100,200000
2016,25,25027,11,2,651,10,0,9999,0,1,0,999,999999999,99999999
2016,25,25027,9,1,651,10,0,9999,0,1,0,999,999999999,99999999
2017,25,0,29,1,651,20,10,2200,7870,111,15,10,13010,8000
2017,25,0,28,2,651,20,10,2200,7870,111,15,20,50000,24000
2017,25,0,21,2,651,20,34,9999,0,111,15,999,8000,0
2017,25,0,24,1,651,20,10,2200,7870,111,15,20,22000,22000
2017,25,0,26,1,651,20,10,2200,7870,111,15,20,23000,23000
2017,25,0,14,2,651,20,0,9999,0,1,0,999,999999999,99999999
2017,25,25001,18,2,651,20,10,4760,5370,60,8,999,0,0
2017,25,25009,36,2,651,70,10,4700,5090,71,9,40,24002,24000
2017,25,25009,46,1,651,70,34,9999,0,111,15,999,0,0
2017,25,25009,9,1,651,70,0,9999,0,1,0,999,999999999,99999999
2017,25,25009,6,2,651,70,0,9999,0,1,0,999,999999999,99999999
2017,25,25009,2,2,651,70,0,9999,0,1,0,999,999999999,99999999
2017,25,25009,22,1,651,20,34,4000,8680,73,10,55,20000,20000
2017,25,25009,44,2,651,50,10,2340,7860,123,16,50,25081,24000
2017,25,25017,30,1,651,70,34,9999,0,111,15,999,0,0
2017,25,25017,28,2,651,70,10,1240,7380,111,15,40,90355,90000
2017,25,25017,30,2,651,20,34,9999,0,111,15,999,4321,0
2017,25,25017,79,2,651,20,36,9999,0,73,10,999,51564,0
2017,25,25017,35,2,651,70,10,7750,3960,73,10,40,42746,40000
2017,25,25017,50,1,651,70,10,7720,3390,73,10,40,41454,40000
2017,25,25017,15,2,651,70,34,9999,0,40,6,999,0,0
2017,25,25017,27,2,651,70,10,3600,8370,81,11,40,35000,35000
2017,25,25017,61,2,651,20,10,4600,7860,73,10,10,6012,5000
2017,25,25017,33,2,651,20,10,4150,8290,111,15,35,25075,25000
2017,25,25017,27,2,651,20,21,5240,6990,111,15,40,32010,32000
2017,25,25017,25,2,651,20,10,5700,7270,111,15,30,37501,37500
2017,25,25017,25,1,651,20,34,9999,0,111,15,999,0,0
2017,25,25017,50,2,651,20,34,9999,0,123,16,999,4887,0
2017,25,25017,47,1,651,20,10,10,7380,124,17,50,110044,110000
2017,25,25017,15,2,651,20,34,9999,0,30,5,999,0,0
2017,25,25017,33,2,651,50,10,620,7870,123,16,35,53698,53689
2017,25,25017,46,1,651,20,10,1020,3390,124,17,40,193008,190000
2017,25,25017,39,2,651,20,10,1020,1370,123,16,40,85240,82000
2017,25,25017,12,1,651,20,0,9999,0,1,0,999,999999999,99999999
2017,25,25017,9,1,651,20,0,9999,0,1,0,999,999999999,99999999
2017,25,25017,54,1,651,20,12,7260,8880,73,10,40,100000,100000
2017,25,25017,46,2,651,40,10,2310,7860,124,17,40,82025,82000
2017,25,25017,35,2,651,20,10,620,6870,81,11,40,40455,40000
2017,25,25017,35,1,651,10,10,1410,7290,111,15,50,160002,160000
2017,25,25017,34,2,651,10,34,9999,0,111,15,999,2,0
2017,25,25017,5,1,651,10,0,9999,0,1,0,999,999999999,99999999
2017,25,25017,1,2,651,10,0,9999,0,1,0,999,999999999,99999999
2017,25,25017,41,1,651,40,10,1300,7290,123,16,45,70050,70000
2017,25,25017,49,2,651,30,34,9999,0,92,14,999,2,0
2017,25,25017,30,2,651,20,10,1550,3380,91,13,40,35634,32000
2017,25,25017,35,1,651,10,10,1400,7580,111,15,40,125165,125000
2017,25,25017,34,2,651,10,34,9999,0,111,15,35,45888,45000
2017,25,25017,5,2,651,10,0,9999,0,1,0,999,999999999,99999999
2017,25,25017,53,1,651,10,10,110,6680,123,16,46,145017,145000
2017,25,25017,47,2,651,10,10,4850,2190,123,16,40,24396,24000
2017,25,25017,13,2,651,10,0,9999,0,1,0,999,999999999,99999999
2017,25,25017,9,1,651,10,0,9999,0,1,0,999,999999999,99999999
2017,25,25017,30,2,651,30,10,2310,7860,123,16,40,68520,68000
2017,25,25017,31,1,651,50,10,2310,7860,123,16,43,68032,60000
2017,25,25017,0,1,651,50,0,9999,0,1,0,999,999999999,99999999
2017,25,25017,52,1,651,70,10,8220,3390,73,10,40,48381,45000
2017,25,25017,53,2,651,70,10,5000,8180,73,10,40,33517,33000
2017,25,25017,29,1,651,70,34,9999,0,73,10,40,40000,40000
2017,25,25017,29,1,651,70,10,1550,3190,73,10,40,23002,23002
2017,25,25017,26,1,651,70,10,3530,8180,73,10,52,34070,34000
2017,25,25017,26,2,651,70,34,9999,0,73,10,40,11000,11000
2017,25,25017,42,1,651,10,10,430,7280,123,16,70,198082,180000
2017,25,25017,42,2,651,10,10,110,7380,123,16,45,128600,120000
2017,25,25017,9,1,651,10,0,9999,0,1,0,999,999999999,99999999
2017,25,25017,4,1,651,10,0,9999,0,1,0,999,999999999,99999999
2017,25,25017,26,1,651,70,10,1760,7870,123,16,40,120000,120000
2017,25,25017,25,1,651,70,34,9999,0,123,16,999,0,0
2017,25,25017,25,2,651,20,10,800,7280,123,16,45,30000,30000
2017,25,25017,28,2,651,20,10,820,7290,123,16,32,8000,4000
2017,25,25017,23,1,651,20,10,800,7280,123,16,999,0,0
2017,25,25017,24,2,651,10,10,730,6890,123,16,30,20001,20000
2017,25,25017,21,2,651,10,34,9999,0,123,16,35,1400,1400
2017,25,25017,34,2,651,10,10,3060,8190,124,17,40,76225,76200
2017,25,25017,41,1,651,70,10,1000,4380,111,15,40,92066,92000
2017,25,25017,33,2,651,70,10,2540,8470,111,15,4,13401,13000
2017,25,25017,10,1,651,70,0,9999,0,1,0,999,999999999,99999999
2017,25,25017,5,2,651,70,0,9999,0,1,0,999,999999999,99999999
2017,25,25017,54,2,651,20,34,9999,0,73,10,999,2,0
2017,25,25017,54,1,651,20,10,2000,9480,73,10,40,50002,50000
2017,25,25017,27,1,651,20,10,4610,8170,81,11,56,55014,10000
2017,25,25017,25,2,651,20,10,1550,3380,81,11,40,30001,30000
2017,25,25017,25,2,651,30,10,20,5380,111,15,50,81020,81000
2017,25,25017,28,1,651,70,10,8965,3895,73,10,42,30000,30000
2017,25,25017,47,2,651,20,10,5400,8370,111,15,21,20000,20000
2017,25,25017,31,1,651,10,10,730,2190,123,16,40,112002,110000
2017,25,25017,27,2,651,10,10,800,7390,111,15,40,45001,45000
2017,25,25017,41,1,651,10,10,420,9170,123,16,50,100100,100000
2017,25,25017,39,2,651,10,10,1650,2190,123,16,50,70100,70000
2017,25,25017,2,1,651,10,0,9999,0,1,0,999,999999999,99999999
2017,25,25017,45,1,651,70,10,7420,770,73,10,60,74027,74000
2017,25,25017,39,2,651,70,10,7720,3390,73,10,40,41022,41000
2017,25,25017,15,2,651,70,34,9999,0,30,5,999,0,0
2017,25,25017,11,2,651,70,0,9999,0,1,0,999,999999999,99999999
2017,25,25017,76,2,651,70,36,9999,0,40,6,999,805,0
2017,25,25017,31,2,651,70,10,3130,8170,111,15,40,88400,80000
2017,25,25017,46,1,651,20,10,620,6990,111,15,45,100050,100000
2017,25,25017,42,2,651,20,10,2320,7860,111,15,55,90540,90000
2017,25,25017,68,1,651,20,36,9999,0,111,15,999,19854,0
2017,25,25017,63,2,651,20,36,9999,0,111,15,999,42284,0
2017,25,25017,33,1,651,70,10,1320,3580,123,16,45,180000,140000
2017,25,25017,32,1,651,70,10,1360,7290,123,16,50,141000,140000
2017,25,25017,30,2,651,70,34,9999,0,81,11,999,9000,0
2017,25,25017,57,2,651,70,34,9999,0,111,15,999,0,0
2017,25,25017,67,1,651,70,36,9999,0,111,15,999,8459,0
2017,25,25017,34,1,651,10,10,3060,7970,123,16,40,112179,112000
2017,25,25017,33,1,651,10,10,1530,4890,123,16,40,105000,105000
2017,25,25017,29,1,651,10,10,1020,7380,123,16,40,65000,65000
2017,25,25017,74,2,651,10,36,9999,0,73,10,999,27215,0
2017,25,25017,19,1,651,50,34,9999,0,81,11,999,0,0
2017,25,25017,22,2,651,50,34,9999,0,81,11,999,14000,0
2017,25,25017,52,2,651,50,34,9999,0,81,11,999,95,0
2017,25,25017,53,1,651,50,10,8350,1680,81,11,40,35490,35000
2017,25,25017,60,2,651,20,10,1760,2190,123,16,40,72000,72000
2017,25,25017,53,1,651,20,10,1010,6970,123,16,40,100110,100000
2017,25,25017,50,2,651,20,10,1010,670,123,16,37,80051,80000
2017,25,25017,17,1,651,20,34,9999,0,50,7,999,0,0
2017,25,25017,15,1,651,20,34,9999,0,30,5,999,0,0
2017,25,25017,49,2,651,20,34,9999,0,111,15,999,60004,0
2017,25,25017,52,1,651,20,36,9999,0,111,15,999,0,0
2017,25,25017,16,1,651,20,34,9999,0,30,5,999,0,0
2017,25,25017,47,1,651,20,10,1360,7780,123,16,40,150160,150000
2017,25,25017,45,2,651,20,34,9999,0,111,15,999,0,0
2017,25,25017,16,2,651,20,34,9999,0,30,5,999,0,0
2017,25,25017,8,1,651,20,0,9999,0,1,0,999,999999999,99999999
2017,25,25017,34,1,651,70,10,7855,1280,73,10,40,35015,35000
2017,25,25017,28,2,651,70,10,4720,8680,73,10,35,12000,12000
2017,25,25017,6,2,651,70,0,9999,0,1,0,999,999999999,99999999
2017,25,25017,3,2,651,70,0,9999,0,1,0,999,999999999,99999999
2017,25,25017,36,1,651,10,10,430,2190,125,18,45,185032,175000
2017,25,25017,34,2,651,10,10,3050,5070,125,18,34,87585,87000
2017,25,25017,6,1,651,10,0,9999,0,1,0,999,999999999,99999999
2017,25,25017,1,1,651,10,0,9999,0,1,0,999,999999999,99999999
2017,25,25017,33,1,651,10,34,9999,0,125,18,999,5000,0
2017,25,25017,59,2,651,10,36,9999,0,81,11,999,9647,0
2017,25,25017,61,1,651,10,36,9999,0,81,11,999,13264,0
2017,25,25017,85,2,651,10,36,9999,0,73,10,999,10501,0
2017,25,25017,39,1,651,50,10,1610,7460,123,16,40,57002,57000
2017,25,25017,37,2,651,50,34,9999,0,111,15,45,15000,15000
2017,25,25017,11,2,651,50,0,9999,0,1,0,999,999999999,99999999
2017,25,25017,29,1,651,20,10,1760,7870,125,18,40,40058,40000
2017,25,25017,29,2,651,20,10,1350,7870,125,18,40,43000,43000
2017,25,25017,29,2,651,20,10,1000,7870,125,18,40,57297,56000
2017,25,25017,39,1,651,20,10,1020,7380,123,16,40,94537,80000
2017,25,25017,34,2,651,20,34,9999,0,111,15,999,1617,0
2017,25,25017,16,1,651,20,34,9999,0,2,1,999,0,0
2017,25,25017,21,2,651,20,10,4720,5380,111,15,30,10262,2000
2017,25,25017,33,1,651,10,10,9130,7380,123,16,40,81002,80000
2017,25,25017,31,2,651,10,10,1060,7580,123,16,40,82102,82000
2017,25,25017,4,2,651,10,0,9999,0,1,0,999,999999999,99999999
2017,25,25017,28,2,651,20,12,30,6990,123,16,40,136003,136000
2017,25,25017,0,1,651,20,0,9999,0,1,0,999,999999999,99999999
2017,25,25017,24,2,651,20,10,1000,6970,111,15,40,53029,53000
2017,25,25021,55,1,651,10,10,1020,6870,123,16,40,151001,150000
2017,25,25021,49,2,651,10,10,5850,7390,111,15,20,3001,2000
2017,25,25021,33,1,651,20,10,3410,8190,81,11,40,45110,45000
2017,25,25021,30,2,651,20,34,9999,0,73,10,999,0,0
2017,25,25021,3,2,651,20,0,9999,0,1,0,999,999999999,99999999
2017,25,25021,0,1,651,20,0,9999,0,1,0,999,999999999,99999999
2017,25,25021,55,1,651,10,10,1020,2190,125,18,40,120500,67000
2017,25,25021,49,2,651,10,10,4920,7070,123,16,50,32904,15783
2017,25,25021,15,2,651,10,34,9999,0,40,6,999,0,0
2017,25,25021,49,1,651,10,10,120,6870,123,16,40,93149,90000
2017,25,25021,47,2,651,10,10,1610,7460,125,18,40,137063,126000
2017,25,25021,18,2,651,10,34,9999,0,73,10,30,2500,2500
2017,25,25021,12,2,651,10,0,9999,0,1,0,999,999999999,99999999
2017,25,25021,26,2,651,10,10,3930,7870,111,15,30,800,800
2017,25,25021,71,2,651,40,36,9999,0,73,10,999,10859,0
2017,25,25021,64,1,651,40,32,9999,0,73,10,999,13065,0
2017,25,25021,62,2,651,40,36,9999,0,73,10,999,3468,0
2017,25,25021,62,1,651,40,36,9999,0,73,10,999,20880,0
2017,25,25021,63,1,651,20,10,8220,2170,73,10,40,79000,74000
2017,25,25021,51,2,651,20,10,9640,3390,73,10,20,21800,23000
2017,25,25021,13,1,651,20,0,9999,0,1,0,999,999999999,99999999
2017,25,25021,58,1,651,20,10,2320,7860,123,16,50,56594,55000
2017,25,25021,27,2,651,20,10,1650,2190,125,18,40,30000,30000
2017,25,25021,27,2,651,20,10,2200,7870,125,18,40,20001,20000
2017,25,25021,26,2,651,20,10,3130,7380,111,15,40,66000,66000
2017,25,25021,35,1,651,10,10,1020,4795,111,15,40,76020,76000
2017,25,25021,30,2,651,10,34,9999,0,111,15,999,0,0
2017,25,25021,4,2,651,10,0,9999,0,1,0,999,999999999,99999999
2017,25,25021,39,2,651,40,10,2310,7860,123,16,40,82100,82000
2017,25,25021,51,1,651,20,10,1020,7380,123,16,50,118101,112700
2017,25,25021,44,2,651,20,10,3050,5070,111,15,40,119511,118000
2017,25,25021,75,2,651,20,36,9999,0,71,9,999,8294,0
2017,25,25021,19,2,651,20,34,9999,0,125,18,999,10000,0
2017,25,25021,45,2,651,20,10,3060,8190,73,10,40,55000,55000
2017,25,25021,46,1,651,20,10,2200,7870,123,16,10,4010,4000
2017,25,25021,24,2,651,20,10,4830,7670,111,15,40,28960,8960
2017,25,25021,51,2,651,20,10,4830,7670,111,15,40,29120,29120
2017,25,25021,80,2,651,20,36,9999,0,10,4,999,17952,0
2017,25,25021,80,2,651,20,36,9999,0,30,5,999,11800,0
2017,25,25021,70,1,651,20,36,9999,0,73,10,999,45638,0
2017,25,25021,63,2,651,20,10,2150,7270,73,10,40,45002,45000
2017,25,25021,36,1,651,20,10,1530,7290,123,16,40,90034,90002
2017,25,25021,39,2,651,20,10,3060,8180,125,18,40,36615,35000
2017,25,25021,6,2,651,20,0,9999,0,1,0,999,999999999,99999999
2017,25,25021,2,1,651,20,0,9999,0,1,0,999,999999999,99999999
2017,25,25023,61,1,651,20,10,4760,4670,111,15,50,24000,24000
2017,25,25025,35,1,651,20,10,30,5380,92,14,40,45002,45000
2017,25,25025,34,2,651,20,10,3310,7980,111,15,40,100200,100000
2017,25,25025,28,2,651,10,34,9999,0,91,13,999,1498,0
2017,25,25025,26,2,651,70,34,9999,0,91,13,999,107,0
2017,25,25025,44,2,651,10,34,9999,0,91,13,999,24,0
2017,25,25025,66,2,651,10,36,9999,0,40,6,999,21492,0
2017,25,25025,62,2,651,50,10,2810,6470,111,15,40,40317,40000
2017,25,25025,33,1,651,50,10,3540,8190,123,16,40,40014,40000
2017,25,25025,28,1,651,50,10,20,6870,111,15,40,65000,65000
2017,25,25025,24,2,651,60,34,9999,0,111,15,999,14768,0
2017,25,25025,23,2,651,70,34,9999,0,81,11,40,6900,900
2017,25,25025,37,2,651,20,34,9999,0,125,18,999,0,0
2017,25,25025,33,1,651,20,10,1650,8190,125,18,72,52000,52000
2017,25,25025,36,2,651,20,10,840,7390,123,16,40,140580,140000
2017,25,25025,22,1,651,20,34,9999,0,92,14,999,43,0
2017,25,25025,23,2,651,20,34,9999,0,111,15,999,0,0
2017,25,25025,21,2,651,20,34,9999,0,92,14,999,0,0
2017,25,25025,24,1,651,20,34,9999,0,111,15,999,42000,0
2017,25,25025,26,1,651,20,34,9999,0,125,18,999,42000,0
2017,25,25025,24,1,651,20,34,9999,0,111,15,999,42000,0
2017,25,25025,21,1,651,20,34,9999,0,81,11,999,9,0
2017,25,25025,21,2,651,20,34,9999,0,81,11,999,0,0
2017,25,25025,67,2,651,50,36,9999,0,111,15,999,18317,0
2017,25,25025,33,1,651,50,10,7200,4670,91,13,40,70294,70000
2017,25,25025,51,2,651,20,10,4030,8370,50,7,24,15600,15600
2017,25,25025,16,2,651,20,34,9999,0,50,7,999,5064,0
2017,25,25025,15,2,651,20,34,9999,0,30,5,999,5064,0
2017,25,25025,27,2,651,20,34,9999,0,111,15,999,4321,0
2017,25,25025,26,2,651,20,10,1300,7290,123,16,40,68003,68000
2017,25,25025,23,2,651,20,34,9999,0,81,11,999,0,0
2017,25,25025,28,2,651,10,34,1240,7860,123,16,999,19200,0
2017,25,25025,27,2,651,10,34,1240,7860,123,16,999,0,0
2017,25,25025,26,2,651,10,34,1240,7860,123,16,999,0,0
2017,25,25025,26,2,651,10,34,1240,7860,123,16,999,0,0
2017,25,25025,46,1,651,40,10,7420,770,73,10,50,45000,45000
2017,25,25025,34,2,651,40,10,3130,8170,111,15,40,33002,33000
2017,25,25025,54,1,651,60,10,4520,8990,73,10,40,30000,30000
2017,25,25025,51,2,651,60,10,4520,8990,73,10,25,5000,5000
2017,25,25025,17,2,651,60,10,4720,8680,60,8,20,8000,8000
2017,25,25025,15,2,651,60,34,9999,0,30,5,999,40,0
2017,25,25025,69,1,651,60,36,9999,0,73,10,999,0,0
2017,25,25025,64,2,651,60,36,9999,0,40,6,999,0,0
2017,25,25025,38,1,651,60,10,800,8190,111,15,40,36000,36000
2017,25,25025,29,1,651,20,10,1650,7870,111,15,40,42120,42000
2017,25,25025,50,1,651,10,10,3060,8190,124,17,80,76500,55000
2017,25,25025,22,1,651,60,34,5860,6290,111,15,32,12000,12000
2017,25,25025,54,1,651,60,10,7750,3490,30,5,40,18000,18000
2017,25,25025,44,2,651,60,10,4520,8990,50,7,20,12000,12000
2017,25,25025,16,1,651,60,34,9999,0,50,7,999,0,0
2017,25,25025,9,1,651,60,0,9999,0,1,0,999,999999999,99999999
2017,25,25025,66,2,651,60,36,9999,0,73,10,999,10000,0
2017,25,25025,74,1,651,60,36,9999,0,81,11,999,33552,0
2017,25,25005,64,1,651,10,10,8000,3980,73,10,40,30634,30000
2017,25,25005,62,2,651,10,36,9999,0,73,10,999,0,0
2017,25,25005,40,2,651,70,10,9640,4570,30,5,40,22000,22000
2017,25,25005,37,1,651,70,10,8965,2090,73,10,50,36000,36000
2017,25,25005,6,1,651,70,0,9999,0,1,0,999,999999999,99999999
2017,25,25005,49,2,651,70,32,9999,0,73,10,999,14459,0
2017,25,25005,42,1,651,70,34,9999,0,73,10,999,0,0
2017,25,25005,32,2,651,70,10,7750,3980,60,8,40,24000,24000
2017,25,25013,26,1,651,70,10,8965,5580,73,10,40,32200,32200
2017,25,25015,27,2,651,20,34,9999,0,111,15,999,0,0
2017,25,25015,27,1,651,20,34,9999,0,123,16,999,0,0
2017,25,25015,28,2,651,20,34,9999,0,123,16,999,0,0
2017,25,25015,29,1,651,20,34,9999,0,125,18,999,1000,0
2017,25,25015,26,2,651,20,34,9999,0,123,16,999,19200,0
2017,25,25015,24,2,651,20,34,9999,0,123,16,999,6400,0
2017,25,25015,22,1,651,20,34,9999,0,81,11,999,0,0
2017,25,25015,29,1,651,20,10,4110,8680,81,11,35,31000,31000
2017,25,25015,22,1,651,20,34,9999,0,81,11,999,9000,0
2017,25,25015,19,1,651,50,34,9999,0,81,11,999,0,0
2017,25,25015,71,2,651,70,36,9999,0,125,18,999,42339,0
2017,25,25027,45,2,651,60,10,4610,8090,91,13,48,19150,19000
2017,25,25027,60,1,651,70,10,8030,2870,73,10,45,46460,46430
2017,25,25027,56,2,651,70,34,9999,0,73,10,999,5030,0
2017,25,25027,41,2,651,10,21,1020,3960,111,15,999,10,0
2017,25,25027,44,1,651,10,10,1060,5380,123,16,40,135000,135000
2017,25,25027,14,1,651,10,0,9999,0,1,0,999,999999999,99999999
2017,25,25027,9,1,651,10,0,9999,0,1,0,999,999999999,99999999
2017,25,25027,29,1,651,10,10,1020,7380,123,16,999,0,0
2017,25,25027,27,1,651,10,10,1020,7380,123,16,999,0,0
2017,25,25027,25,1,651,10,10,1020,7380,111,15,40,60000,60000
2017,25,25027,43,1,651,10,10,1020,7380,123,16,40,100005,100000
2017,25,25027,43,2,651,10,34,9999,0,123,16,999,42,0
2017,25,25027,18,1,651,10,34,9999,0,81,11,999,0,0
2017,25,25027,12,2,651,10,0,9999,0,1,0,999,999999999,99999999
2017,25,25027,35,1,651,10,10,1400,3365,123,16,40,114050,114000
2017,25,25027,34,2,651,10,34,9999,0,123,16,999,2,0
2017,25,25027,7,1,651,10,0,9999,0,1,0,999,999999999,99999999
2017,25,25027,3,1,651,10,0,9999,0,1,0,999,999999999,99999999
2017,25,25027,37,1,651,10,10,1020,7390,123,16,40,70020,70000
2017,25,25027,33,2,651,10,10,3160,8090,125,18,32,35010,35000
2017,25,25027,3,1,651,10,0,9999,0,1,0,999,999999999,99999999
2017,25,25027,67,1,651,70,36,9999,0,10,4,999,0,0
2017,25,25027,64,2,651,70,36,9999,0,10,4,999,10223,0
2017,25,25027,17,1,651,70,10,4030,8680,60,8,24,6500,6500
2017,25,25027,16,2,651,70,34,9999,0,40,6,999,0,0
2017,25,25027,14,1,651,70,0,9999,0,1,0,999,999999999,99999999
2017,25,25027,34,1,651,10,10,130,7380,123,16,40,73000,73000
2017,25,25027,30,2,651,10,34,9999,0,111,15,999,0,0
2017,25,25027,3,2,651,10,0,9999,0,1,0,999,999999999,99999999
2017,25,25027,36,1,651,10,10,1000,7380,123,16,40,75000,75000
2017,25,25027,32,2,651,10,34,9999,0,111,15,999,0,0
2017,25,25027,7,2,651,10,0,9999,0,1,0,999,999999999,99999999
2017,25,25027,29,1,651,10,10,1760,2290,125,18,50,27550,27000
2017,25,25027,29,2,651,10,10,130,770,123,16,50,75040,75000
2017,25,25027,28,2,651,60,10,350,8190,111,15,40,90005,90000
2017,25,25027,39,2,651,10,10,110,7380,123,16,40,151615,150000
2017,25,25027,39,1,651,10,10,110,7380,123,16,40,112705,112700
2017,25,25027,5,1,651,10,0,9999,0,1,0,999,999999999,99999999
2017,25,25027,5,1,651,10,0,9999,0,1,0,999,999999999,99999999
2017,25,25027,57,1,651,20,10,1460,9590,111,15,40,147585,142000
2017,25,25027,14,1,651,20,0,9999,0,1,0,999,999999999,99999999
2017,25,25027,11,2,651,20,0,9999,0,1,0,999,999999999,99999999
2017,25,25027,35,2,651,10,34,9999,0,111,15,999,3,0
2017,25,25027,38,1,651,10,10,430,2190,123,16,40,175000,175000
2017,25,25027,6,1,651,10,0,9999,0,1,0,999,999999999,99999999
2017,25,25027,3,2,651,10,0,9999,0,1,0,999,999999999,99999999
2017,25,25027,64,2,651,10,36,9999,0,111,15,999,5400,0
2017,25,25027,66,1,651,10,36,9999,0,73,10,999,28644,0
2017,25,25027,40,1,651,10,10,1020,3960,123,16,40,68098,68000
2017,25,25027,37,2,651,10,10,4920,7070,123,16,40,36000,36000
2017,25,25027,12,2,651,10,0,9999,0,1,0,999,999999999,99999999
2017,25,25027,10,1,651,10,0,9999,0,1,0,999,999999999,99999999
2018,25,0,16,2,651,20,34,9999,0,50,7,999,0,0
2018,25,0,26,2,651,30,10,4200,7690,81,11,25,28000,0
2018,25,25009,60,1,651,60,10,1460,3960,92,14,40,150169,150000
2018,25,25009,36,2,651,70,10,5000,9480,111,15,28,23308,23000
2018,25,25009,49,1,651,70,10,310,8680,123,16,55,73010,0
2018,25,25009,45,2,651,70,10,2000,7860,124,17,999,68761,0
2018,25,25009,15,2,651,70,34,9999,0,40,6,5,5008,0
2018,25,25009,12,2,651,70,0,9999,0,1,0,999,999999999,99999999
2018,25,25009,11,2,651,70,0,9999,0,1,0,999,999999999,99999999
2018,25,25017,62,2,651,20,10,4130,9370,73,10,11,7503,6000
2018,25,25017,34,2,651,20,10,4150,8290,111,15,35,35000,35000
2018,25,25017,28,2,651,20,10,5240,5590,111,15,35,8900,8900
2018,25,25017,26,2,651,20,10,5700,7270,111,15,25,18800,11000
2018,25,25017,33,2,651,50,10,3060,8190,124,17,50,71796,70776
2018,25,25017,25,1,651,10,10,1020,3390,123,16,40,30010,30000
2018,25,25017,24,1,651,10,10,1020,7380,123,16,40,2000,2000
2018,25,25017,43,1,651,10,12,2200,7870,125,18,39,80052,80002
2018,25,25017,42,1,651,70,10,1000,4380,111,15,40,94000,94000
2018,25,25017,60,1,651,20,10,1020,7380,123,16,50,134675,130000
2018,25,25017,49,2,651,20,10,1240,8090,123,16,50,56076,56000
2018,25,25017,22,2,651,20,34,9999,0,81,11,999,0,0
2018,25,25017,27,1,651,20,10,1020,7380,123,16,40,157510,156000
2018,25,25017,27,2,651,20,34,9999,0,123,16,999,10,0
2018,25,25017,48,1,651,20,10,1020,7380,124,17,49,155008,155000
2018,25,25017,40,2,651,20,10,1020,7380,123,16,50,102461,100000
2018,25,25017,13,1,651,20,0,9999,0,1,0,999,999999999,99999999
2018,25,25017,9,1,651,20,0,9999,0,1,0,999,999999999,99999999
2018,25,25017,44,2,651,10,10,3130,8190,111,15,40,208626,200000
2018,25,25017,53,1,651,10,10,3650,8190,111,15,40,50626,50000
2018,25,25017,17,1,651,10,34,9999,0,50,7,999,0,0
2018,25,25017,9,1,651,10,0,9999,0,1,0,999,999999999,99999999
2018,25,25017,55,2,651,20,21,5820,6870,73,10,40,26400,24000
2018,25,25017,55,1,651,20,10,4030,8680,73,10,15,5400,4997
2018,25,25017,45,1,651,10,10,1020,7380,123,16,45,138120,137000
2018,25,25017,37,2,651,10,10,3060,8190,125,18,60,168120,168000
2018,25,25017,5,2,651,10,0,9999,0,1,0,999,999999999,99999999
2018,25,25017,2,2,651,10,0,9999,0,1,0,999,999999999,99999999
2018,25,25017,36,1,651,40,34,9999,0,111,15,999,0,0
2018,25,25017,36,2,651,40,34,9999,0,111,15,999,0,0
2018,25,25017,30,1,651,20,10,2200,7870,125,18,45,72575,48000
2018,25,25017,30,2,651,20,10,2200,7870,125,18,40,91575,67000
2018,25,25017,2,2,651,20,0,9999,0,1,0,999,999999999,99999999
2018,25,25017,0,1,651,20,0,9999,0,1,0,999,999999999,99999999
2018,25,25017,43,1,651,40,34,9999,0,111,15,40,120010,120000
2018,25,25017,38,2,651,40,34,9999,0,111,15,999,10,0
2018,25,25017,5,2,651,40,0,9999,0,1,0,999,999999999,99999999
2018,25,25017,32,2,651,20,10,1530,8180,123,16,40,5001,5001
2018,25,25017,32,1,651,20,10,4700,4170,123,16,40,100000,100000
2018,25,25017,50,1,651,20,34,9999,0,124,17,999,0,0
2018,25,25017,36,2,651,20,10,560,6870,92,14,40,40730,40000
2018,25,25017,24,2,651,20,10,800,7280,123,16,40,29000,29000
2018,25,25017,32,2,651,20,10,800,7380,111,15,999,0,0
2018,25,25017,22,2,651,20,34,9999,0,111,15,999,0,0
2018,25,25017,28,1,651,10,10,1020,7380,123,16,50,101400,100000
2018,25,25017,37,2,651,20,10,20,8680,111,15,40,90070,90000
2018,25,25017,25,2,651,20,34,9999,0,111,15,16,37000,0
2018,25,25017,28,2,651,20,34,9999,0,111,15,999,0,0
2018,25,25017,25,2,651,20,34,9999,0,111,15,999,0,0
2018,25,25017,42,2,651,20,10,5800,8190,92,14,40,6335,835
2018,25,25017,37,1,651,20,10,9130,7870,73,10,50,42648,41600
2018,25,25017,14,2,651,20,0,9999,0,1,0,999,999999999,99999999
2018,25,25017,13,1,651,20,0,9999,0,1,0,999,999999999,99999999
2018,25,25017,44,1,651,20,32,9999,0,30,5,999,0,0
2018,25,25017,34,2,651,70,10,2540,8470,73,10,35,22500,22500
2018,25,25017,11,1,651,70,0,9999,0,1,0,999,999999999,99999999
2018,25,25017,6,2,651,70,0,9999,0,1,0,999,999999999,99999999
2018,25,25017,57,1,651,20,10,4720,8590,111,15,45,70288,70000
2018,25,25017,31,2,651,30,10,2310,7860,123,16,40,36001,36000
2018,25,25017,32,1,651,50,10,2310,7860,123,16,50,52502,52500
2018,25,25017,1,1,651,50,0,9999,0,1,0,999,999999999,99999999
2018,25,25017,29,1,651,70,10,8220,3390,73,10,40,45000,45000
2018,25,25017,74,1,651,10,10,10,1890,125,18,50,223609,132000
2018,25,25017,70,2,651,10,36,9999,0,111,15,999,13615,0
2018,25,25017,37,1,651,10,10,1020,7380,123,16,40,112691,110000
2018,25,25017,33,2,651,10,10,1020,1990,123,16,40,140307,140000
2018,25,25017,47,2,651,10,32,9999,0,2,1,999,9000,0
2018,25,25017,23,1,651,10,21,4720,5580,71,9,999,0,0
2018,25,25017,21,2,651,10,34,9999,0,81,11,15,17500,17500
2018,25,25017,20,1,651,10,32,9999,0,60,8,999,9000,0
2018,25,25017,18,2,651,10,34,9999,0,60,8,999,6000,0
2018,25,25017,50,1,651,10,10,4700,4970,111,15,70,145152,80000
2018,25,25017,44,2,651,10,10,4700,4970,111,15,70,27051,27000
2018,25,25017,12,2,651,10,0,9999,0,1,0,999,999999999,99999999
2018,25,25017,11,1,651,10,0,9999,0,1,0,999,999999999,99999999
2018,25,25017,75,2,651,20,36,9999,0,81,11,999,18555,0
2018,25,25017,36,2,651,10,10,3060,8190,125,18,50,86439,84000
2018,25,25017,0,1,651,10,0,9999,0,1,0,999,999999999,99999999
2018,25,25017,47,2,651,20,10,2340,7890,123,16,2,18000,0
2018,25,25017,7,2,651,70,0,9999,0,1,0,999,999999999,99999999
2018,25,25017,28,1,651,10,10,710,7390,111,15,40,90012,90000
2018,25,25017,31,1,651,20,12,1240,6990,125,18,40,161101,160000
2018,25,25017,31,2,651,20,12,1240,6990,123,16,40,105640,100000
2018,25,25017,0,1,651,20,0,9999,0,1,0,999,999999999,99999999
2018,25,25017,47,1,651,70,10,1410,3390,123,16,50,201300,195000
2018,25,25017,27,2,651,10,10,1240,6990,123,16,52,35000,25000
2018,25,25017,27,2,651,10,10,1240,6990,123,16,52,55000,55000
2018,25,25017,37,1,651,10,10,430,2190,125,18,40,162002,157000
2018,25,25017,35,2,651,10,10,3050,5070,124,17,8,15000,15000
2018,25,25017,7,1,651,10,0,9999,0,1,0,999,999999999,99999999
2018,25,25017,2,1,651,10,0,9999,0,1,0,999,999999999,99999999
2018,25,25017,34,1,651,10,21,3050,5070,124,17,999,0,0
2018,25,25017,59,2,651,10,34,9999,0,81,11,999,0,0
2018,25,25017,62,1,651,10,36,9999,0,81,11,999,0,0
2018,25,25017,35,2,651,70,21,5700,8090,125,18,35,84000,84000
2018,25,25017,41,1,651,70,10,350,8090,123,16,40,100081,100000
2018,25,25017,13,1,651,70,0,9999,0,1,0,999,999999999,99999999
2018,25,25017,11,2,651,70,0,9999,0,1,0,999,999999999,99999999
2018,25,25017,8,1,651,70,0,9999,0,1,0,999,999999999,99999999
2018,25,25017,33,2,651,20,10,1000,7380,123,16,42,185196,145000
2018,25,25017,23,2,651,20,10,4600,9290,111,15,45,3850,3850
2018,25,25017,52,2,651,20,10,2200,7870,125,18,70,85500,85000
2018,25,25017,32,1,651,30,10,800,4490,111,15,40,60700,60000
2018,25,25017,63,1,651,30,10,5120,4870,111,15,25,20418,20000
2018,25,25017,63,2,651,30,10,5140,5170,111,15,40,65329,65000
2018,25,25017,22,2,651,20,10,4720,5380,111,15,20,12105,12000
2018,25,25017,57,2,651,20,10,5110,4265,111,15,30,0,0
2018,25,25017,25,2,651,30,10,5020,7870,111,15,40,50001,7000
2018,25,25017,47,2,651,20,34,9999,0,111,15,999,305,0
2018,25,25017,17,1,651,20,34,9999,0,73,10,999,5,0
2018,25,25017,85,2,651,20,36,9999,0,40,6,999,9659,0
2018,25,25017,34,1,651,70,10,3060,8190,124,17,80,350452,350000
2018,25,25017,33,2,651,70,10,3010,7980,124,17,25,225052,225000
2018,25,25017,2,2,651,70,0,9999,0,1,0,999,999999999,99999999
2018,25,25017,0,2,651,70,0,9999,0,1,0,999,999999999,99999999
2018,25,25021,50,1,651,10,10,120,6870,123,16,40,150100,150000
2018,25,25021,48,2,651,10,10,1760,7460,125,18,40,100800,100000
2018,25,25021,19,2,651,10,22,9999,0,81,11,999,0,0
2018,25,25021,13,2,651,10,0,9999,0,1,0,999,999999999,99999999
2018,25,25021,34,1,651,10,10,1020,7380,111,15,40,76000,76000
2018,25,25021,44,2,651,60,10,4520,8980,73,10,40,32429,30000
2018,25,25021,53,1,651,60,10,1010,9370,111,15,40,103079,100000
2018,25,25021,15,1,651,60,34,9999,0,40,6,999,0,0
2018,25,25021,53,2,651,20,21,800,7280,123,16,999,8400,0
2018,25,25021,80,1,651,20,36,9999,0,20,5,999,0,0
2018,25,25021,31,1,651,10,10,410,7070,123,16,40,158002,0
2018,25,25021,34,2,651,10,10,3060,8190,125,18,40,143100,143000
2018,25,25021,50,1,651,10,10,1610,7460,125,18,60,375000,360000
2018,25,25021,58,1,651,20,36,9999,0,30,5,999,9600,0
2018,25,25021,52,2,651,20,36,9999,0,30,5,999,0,0
2018,25,25021,36,1,651,60,10,7020,8790,81,11,50,45000,45000
2018,25,25021,23,2,651,60,10,4520,8990,81,11,25,12001,12000
2018,25,25021,70,2,651,20,10,230,7870,111,15,40,80009,80000
2018,25,25021,71,1,651,20,36,9999,0,125,18,999,42075,0
2018,25,25021,34,1,651,20,10,3410,8190,81,11,40,45045,45000
2018,25,25021,31,2,651,20,34,9999,0,73,10,999,20,0
2018,25,25021,4,2,651,20,0,9999,0,1,0,999,999999999,99999999
2018,25,25021,2,1,651,20,0,9999,0,1,0,999,999999999,99999999
2018,25,25021,37,2,651,20,10,7750,3365,73,10,45,23000,23000
2018,25,25021,7,1,651,20,0,9999,0,1,0,999,999999999,99999999
2018,25,25021,26,1,651,10,10,1430,3960,123,16,40,75000,75000
2018,25,25021,25,2,651,10,34,9999,0,111,15,999,0,0
2018,25,25021,62,2,651,20,10,3130,8090,111,15,36,101400,100000
2018,25,25021,60,1,651,20,10,2320,7860,123,16,40,55432,55000
2018,25,25021,64,1,651,20,10,7750,3190,73,10,40,45551,45540
2018,25,25021,52,2,651,20,10,5810,6695,73,10,35,30011,30000
2018,25,25021,14,1,651,20,0,9999,0,1,0,999,999999999,99999999
2018,25,25021,43,2,651,20,10,800,6990,123,16,40,88210,70000
2018,25,25021,44,1,651,20,10,4700,6970,123,16,40,300808,300000
2018,25,25021,11,2,651,20,0,9999,0,1,0,999,999999999,99999999
2018,25,25021,8,1,651,20,0,9999,0,1,0,999,999999999,99999999
2018,25,25021,27,2,651,20,10,230,7870,111,15,50,63000,63000
2018,25,25021,24,2,651,20,34,9999,0,111,15,999,0,0
2018,25,25021,24,2,651,20,34,9999,0,111,15,999,0,0
2018,25,25021,24,2,651,20,10,800,4380,123,16,40,65144,18000
2018,25,25021,39,1,651,50,10,2200,7870,125,18,40,150001,150000
2018,25,25021,36,2,651,50,10,2200,7870,125,18,40,50016,50000
2018,25,25021,8,2,651,50,0,9999,0,1,0,999,999999999,99999999
2018,25,25021,1,2,651,50,0,9999,0,1,0,999,999999999,99999999
2018,25,25021,30,2,651,20,10,1000,6970,123,16,40,89001,80000
2018,25,25021,39,2,651,60,10,3050,5070,124,17,40,116053,116000
2018,25,25021,45,1,651,60,12,6200,770,73,10,40,125065,0
2018,25,25021,9,2,651,60,0,9999,0,1,0,999,999999999,99999999
2018,25,25021,25,2,651,20,10,4830,7670,111,15,40,20000,20000
2018,25,25021,52,2,651,20,10,4830,7670,111,15,40,20002,20002
2018,25,25021,32,2,651,10,34,9999,0,111,15,999,3,0
2018,25,25021,38,1,651,10,10,710,7380,111,15,40,66100,60000
2018,25,25021,13,2,651,20,0,9999,0,1,0,999,999999999,99999999
2018,25,25021,34,2,651,10,10,800,7790,111,15,999,0,0
2018,25,25021,21,2,651,20,34,9999,0,111,15,999,0,0
2018,25,25021,22,2,651,20,34,9999,0,111,15,999,0,0
2018,25,25021,23,1,651,10,34,9999,0,111,15,999,36002,0
2018,25,25021,24,1,651,20,34,9999,0,111,15,999,36002,0
2018,25,25021,60,2,651,20,10,1760,7460,125,18,50,480000,320000
2018,25,25023,60,1,651,20,10,2010,7870,123,16,40,41191,40502
2018,25,25023,39,1,651,70,10,4700,5790,111,15,40,89001,0
2018,25,25023,35,2,651,70,10,4700,5790,92,14,40,90048,5000
2018,25,25023,12,1,651,70,0,9999,0,1,0,999,999999999,99999999
2018,25,25023,50,2,651,20,10,4720,4970,92,14,30,11002,11000
2018,25,25023,70,1,651,20,36,9999,0,111,15,999,11606,0
2018,25,25023,50,2,651,30,34,9999,0,92,14,999,253,0
2018,25,25023,62,1,651,20,10,4760,4670,111,15,50,65126,65000
2018,25,25025,20,1,651,10,34,9999,0,81,11,40,22613,15600
2018,25,25025,20,1,651,10,34,9999,0,81,11,40,12010,3000
2018,25,25025,27,1,651,10,10,430,2190,111,15,40,50202,50000
2018,25,25025,26,1,651,20,10,4000,8680,111,15,60,100000,100000
2018,25,25025,22,2,651,20,34,9999,0,111,15,999,99999,0
2018,25,25025,24,2,651,20,10,950,7870,111,15,40,118426,18427
2018,25,25025,21,1,651,20,10,4120,6570,81,11,5,100899,900
2018,25,25025,75,2,651,20,36,9999,0,20,5,999,3600,0
2018,25,25025,32,1,651,10,10,8740,6490,123,16,42,58883,56000
2018,25,25025,25,2,651,20,34,30,3490,123,16,999,0,0
2018,25,25025,24,2,651,20,34,9999,0,123,16,999,0,0
2018,25,25025,24,2,651,60,34,9999,0,111,15,40,27999,27500
2018,25,25025,52,2,651,20,10,4600,8470,50,7,22,21160,16000
2018,25,25025,17,2,651,20,34,9999,0,60,8,999,0,0
2018,25,25025,16,2,651,20,34,9999,0,40,6,999,0,0
2018,25,25025,43,2,651,20,10,4030,1270,73,10,25,16000,16000
2018,25,25025,8,1,651,20,0,9999,0,1,0,999,999999999,99999999
2018,25,25025,6,2,651,20,0,9999,0,1,0,999,999999999,99999999
2018,25,25025,35,1,651,70,10,5810,6290,111,15,40,44005,44000
2018,25,25025,36,2,651,70,10,3740,9470,81,11,40,36242,36000
2018,25,25025,23,1,651,20,10,1960,7870,111,15,40,50001,40000
2018,25,25025,22,2,651,20,34,2200,7870,111,15,10,6003,6002
2018,25,25025,28,1,651,20,34,9999,0,123,16,40,59966,50000
2018,25,25025,27,2,651,50,10,1000,8190,123,16,40,65098,65000
2018,25,25025,54,1,651,10,10,3060,8190,124,17,40,306949,300000
2018,25,25025,79,2,651,20,36,9999,0,92,14,999,16957,0
2018,25,25025,69,1,651,60,36,9999,0,20,5,999,35796,0
2018,25,25025,69,2,651,60,36,9999,0,10,4,999,22176,0
2018,25,25025,40,1,651,60,34,9999,0,73,10,999,26000,0
2018,25,25025,33,2,651,20,10,430,8570,111,15,50,100029,90000
2018,25,25025,37,1,651,20,10,420,8370,123,16,40,77189,69002
2018,25,25025,47,2,651,10,10,30,7270,124,17,55,255600,250000
2018,25,25025,40,2,651,20,10,5400,7890,111,15,40,17012,15000
2018,25,25025,69,2,651,20,36,9999,0,111,15,999,33825,0
2018,25,25025,73,1,651,20,36,9999,0,111,15,999,38459,0
2018,25,25025,71,1,651,20,36,9999,0,73,10,999,50007,0
2018,25,25025,68,2,651,20,36,9999,0,73,10,999,8052,0
2018,25,25025,64,2,651,20,10,5540,6370,81,11,40,30000,30000
2018,25,25025,68,1,651,60,36,9999,0,73,10,999,13452,0
2018,25,25025,23,1,651,60,21,5900,6180,111,15,999,7200,0
2018,25,25025,55,1,651,60,10,7720,3490,30,5,40,22000,22000
2018,25,25025,45,2,651,60,10,4520,8990,50,7,40,20000,20000
2018,25,25025,17,1,651,60,34,9999,0,60,8,999,0,0
2018,25,25025,10,1,651,60,0,9999,0,1,0,999,999999999,99999999
2018,25,25025,67,2,651,60,36,9999,0,30,5,999,9000,0
2018,25,25025,75,1,651,60,36,9999,0,73,10,999,9420,0
2018,25,25005,65,1,651,10,10,8750,3980,73,10,45,75000,75000
2018,25,25005,63,2,651,10,34,9999,0,73,10,999,10248,0
2018,25,25005,34,1,651,60,10,3050,5070,125,18,40,149756,145000
2018,25,25005,41,2,651,70,10,9640,4570,30,5,40,24000,24000
2018,25,25005,38,1,651,70,10,8965,2090,73,10,56,38150,38000
2018,25,25005,7,1,651,70,0,9999,0,1,0,999,999999999,99999999
2018,25,25005,49,2,651,70,32,9999,0,73,10,999,0,0
2018,25,25005,43,1,651,70,34,9350,170,73,10,40,6000,6000
2018,25,25005,33,2,651,70,10,8750,3980,73,10,40,28000,28000
2018,25,25013,53,2,651,60,10,8220,2880,10,4,40,20801,20800
2018,25,25013,16,2,651,60,34,9999,0,40,6,999,0,0
2018,25,25013,52,2,651,20,32,9999,0,81,11,999,12000,0
2018,25,25013,25,1,651,70,10,4000,8680,73,10,35,5000,5000
2018,25,25013,23,1,651,10,10,4110,8680,111,15,32,2000,2000
2018,25,25013,21,1,651,10,10,4110,8680,111,15,32,2000,2000
2018,25,25013,21,1,651,10,10,4110,8680,111,15,34,3000,3000
2018,25,25013,51,1,651,20,10,4000,8680,73,10,72,11002,11000
2018,25,25013,51,2,651,20,10,310,8680,73,10,72,20008,0
2018,25,25013,27,2,651,20,10,3050,5070,125,18,38,96485,95000
2018,25,25013,25,1,651,20,34,9999,0,111,15,999,11,0
2018,25,25015,23,1,651,20,10,2200,7870,123,16,10,21000,12000
2018,25,25015,29,1,651,20,21,4120,8680,111,15,10,32500,12500
2018,25,25015,22,1,651,20,10,2200,7870,111,15,20,16800,8000
2018,25,25027,40,2,651,10,10,110,7380,111,15,40,103016,100000
2018,25,25027,39,1,651,10,10,110,7380,111,15,40,133016,130000
2018,25,25027,7,1,651,10,0,9999,0,1,0,999,999999999,99999999
2018,25,25027,7,1,651,10,0,9999,0,1,0,999,999999999,99999999
2018,25,25027,62,1,651,10,32,9999,0,111,15,999,17980,0
2018,25,25027,45,2,651,10,10,4510,8980,111,15,28,16900,16900
2018,25,25027,17,1,651,70,34,9999,0,60,8,999,0,0
2018,25,25027,15,1,651,70,34,9999,0,40,6,999,0,0
2018,25,25027,47,1,651,10,10,430,7380,111,15,40,125032,125000
2018,25,25027,38,2,651,10,34,9999,0,73,10,999,32,0
2018,25,25027,13,1,651,10,0,9999,0,1,0,999,999999999,99999999
2018,25,25027,76,1,651,70,36,9999,0,73,10,999,5700,0
2018,25,25027,67,2,651,70,36,9999,0,73,10,999,5700,0
2018,25,25027,40,1,651,70,10,1720,2190,123,16,40,181819,180000
2018,25,25027,42,2,651,10,10,730,7380,111,15,999,20,0
2018,25,25027,45,1,651,10,10,1060,5380,123,16,40,140270,140000
2018,25,25027,15,1,651,10,34,9999,0,30,5,999,0,0
2018,25,25027,10,1,651,10,0,9999,0,1,0,999,999999999,99999999
2018,25,25027,35,1,651,10,10,130,7380,123,16,40,75015,75000
2018,25,25027,30,2,651,10,10,5160,6870,123,16,30,815,800
2018,25,25027,4,2,651,10,0,9999,0,1,0,999,999999999,99999999
2018,25,25027,36,1,651,10,10,1300,7380,123,16,40,130425,130000
2018,25,25027,35,2,651,10,34,9999,0,123,16,999,0,0
2018,25,25027,8,1,651,10,0,9999,0,1,0,999,999999999,99999999
2018,25,25027,4,1,651,10,0,9999,0,1,0,999,999999999,99999999
2018,25,25027,73,1,651,10,10,4700,4970,111,15,12,8980,2500
2018,25,25027,62,2,651,10,10,4700,4970,111,15,52,12000,12000
2018,25,25027,60,2,651,70,32,9999,0,81,11,999,10200,0
2018,25,25027,29,1,651,10,10,3060,8190,123,16,40,70222,70000
2018,25,25027,61,1,651,70,10,8030,2870,73,10,45,1100001,1099999
2018,25,25027,57,2,651,70,34,9999,0,73,10,999,0,0
2018,25,25027,30,1,651,10,10,1760,4090,125,18,40,300096,300000
2018,25,25027,30,2,651,10,34,9999,0,123,16,40,255,165
2018,25,25027,0,2,651,10,0,9999,0,1,0,999,999999999,99999999
2018,25,25027,44,1,651,10,10,1020,570,123,16,40,165030,165000
2018,25,25027,44,2,651,10,34,9999,0,123,16,999,0,0
2018,25,25027,19,1,651,10,34,9999,0,81,11,999,35000,0
2018,25,25027,13,2,651,10,0,9999,0,1,0,999,999999999,99999999
2018,25,25027,80,1,651,20,36,9999,0,125,18,999,40756,0
2018,25,25027,80,2,651,20,36,9999,0,123,16,999,33362,0
2018,25,25027,38,1,651,10,10,430,7380,123,16,40,98010,98000
2018,25,25027,34,2,651,10,10,3160,8190,125,18,32,45010,45000
2018,25,25027,4,1,651,10,0,9999,0,1,0,999,999999999,99999999
2018,25,25027,0,2,651,10,0,9999,0,1,0,999,999999999,99999999
2018,25,25027,29,2,651,10,10,1000,7380,123,16,40,70000,70000
2018,25,25027,43,1,651,30,10,1020,7380,111,15,40,110020,110000
2018,25,25027,42,2,651,30,21,2840,6970,111,15,999,15,0
2018,25,25027,2,2,651,30,0,9999,0,1,0,999,999999999,99999999
2018,25,25027,0,2,651,30,0,9999,0,1,0,999,999999999,99999999
2018,25,25027,69,1,651,30,36,9999,0,111,15,999,0,0
2018,25,25027,72,2,651,30,36,9999,0,111,15,999,0,0
2018,25,25027,19,2,651,10,10,1020,8180,111,15,40,60000,60000
2018,25,25027,29,2,651,60,10,350,8190,125,18,40,92020,92000
2018,25,25027,6,1,651,20,0,9999,0,1,0,999,999999999,99999999
2018,25,25027,52,1,651,20,10,1650,7460,125,18,40,301255,300000
2018,25,25027,50,2,651,20,10,800,7380,123,16,40,79555,79000
2018,25,25027,57,1,651,10,10,300,3390,123,16,40,401556,400000
2019,25,0,42,1,651,40,10,6230,770,73,10,40,59021,55000
2019,25,25009,61,1,651,60,10,3650,8090,111,15,45,80400,80000
2019,25,25009,36,2,651,30,34,9999,0,73,10,999,51,0
2019,25,25009,56,1,651,30,10,430,8180,123,16,40,138026,130000
2019,25,25009,5,1,651,30,0,9999,0,1,0,999,999999999,99999999
2019,25,25009,67,2,651,10,10,3060,8090,124,17,20,119629,100000
2019,25,25009,30,1,651,70,21,9140,6190,81,11,20,500,500
2019,25,25009,50,1,651,70,10,310,8680,123,16,40,85627,6000
2019,25,25009,46,2,651,70,10,2000,7860,123,16,999,350,0
2019,25,25009,16,2,651,70,10,5240,8680,123,16,40,14141,14000
2019,25,25009,13,2,651,70,0,9999,0,1,0,999,999999999,99999999
2019,25,25009,12,2,651,70,0,9999,0,1,0,999,999999999,99999999
2019,25,25009,32,2,651,70,12,3650,7990,81,11,60,38016,38000
2019,25,25009,25,1,651,10,12,9130,4970,60,8,40,26007,26000
2019,25,25009,60,2,651,10,10,9620,9470,73,10,40,4801,4800
2019,25,25009,50,2,651,10,36,9999,0,123,16,999,57120,0
2019,25,25009,50,1,651,10,36,9999,0,123,16,999,42000,0
2019,25,25017,66,1,651,70,36,9999,0,73,10,999,13500,0
2019,25,25017,57,2,651,70,36,9999,0,73,10,999,13032,0
2019,25,25017,24,2,651,20,34,9999,0,111,15,999,30000,0
2019,25,25017,27,2,651,20,34,9999,0,123,16,999,0,0
2019,25,25017,24,2,651,20,34,9999,0,111,15,999,0,0
2019,25,25017,32,1,651,60,10,2200,7870,125,18,50,55000,55000
2019,25,25017,32,1,651,10,10,1020,3960,111,15,40,600036,600000
2019,25,25017,27,2,651,10,34,9999,0,123,16,40,16036,16000
2019,25,25017,1,2,651,10,0,9999,0,1,0,999,999999999,99999999
2019,25,25017,29,1,651,10,10,620,7870,124,17,40,67060,65000
2019,25,25017,42,1,651,10,10,1000,7380,111,15,40,150852,150000
2019,25,25017,39,2,651,10,10,1020,3370,123,16,40,90050,90000
2019,25,25017,15,2,651,10,34,9999,0,60,8,999,0,0
2019,25,25017,10,1,651,10,0,9999,0,1,0,999,999999999,99999999
2019,25,25017,61,1,651,20,10,1020,7380,123,16,40,163300,110000
2019,25,25017,51,2,651,20,10,1000,8190,123,16,40,82001,50000
2019,25,25017,23,2,651,20,10,1960,9480,111,15,40,52000,40000
2019,25,25017,24,1,651,10,34,9999,0,123,16,999,0,0
2019,25,25017,61,1,651,20,10,1410,7390,111,15,40,316852,305000
2019,25,25017,60,2,651,20,10,800,8190,111,15,40,89025,86000
2019,25,25017,21,2,651,60,21,4060,8680,81,11,30,18000,18000
2019,25,25017,19,1,651,60,10,4060,8680,81,11,20,7000,7000
2019,25,25017,47,1,651,60,10,6420,770,30,5,50,60002,0
2019,25,25017,46,2,651,60,10,4520,8980,30,5,999,13,0
2019,25,25017,25,1,651,70,10,1000,7380,123,16,40,62000,62000
2019,25,25017,25,2,651,70,34,9999,0,81,11,999,1100,0
2019,25,25017,33,1,651,20,12,310,8660,111,15,40,60825,0
2019,25,25017,32,2,651,20,10,3150,7860,123,16,21,35205,35200
2019,25,25017,5,1,651,20,0,9999,0,1,0,999,999999999,99999999
2019,25,25017,4,2,651,20,0,9999,0,1,0,999,999999999,99999999
2019,25,25017,45,2,651,10,10,4600,8190,111,15,99,65151,0
2019,25,25017,55,1,651,10,10,3650,8190,111,15,40,51331,34781
2019,25,25017,18,1,651,10,34,9999,0,60,8,999,0,0
2019,25,25017,10,1,651,10,0,9999,0,1,0,999,999999999,99999999
2019,25,25017,31,1,651,20,10,2200,7870,125,18,45,78075,47000
2019,25,25017,31,2,651,20,10,1760,7460,125,18,40,29670,27000
2019,25,25017,2,2,651,20,0,9999,0,1,0,999,999999999,99999999
2019,25,25017,0,1,651,20,0,9999,0,1,0,999,999999999,99999999
2019,25,25017,57,1,651,50,10,1020,7390,124,17,40,1100319,1099999
2019,25,25017,58,2,651,50,34,9999,0,111,15,999,2,0
2019,25,25017,73,1,651,10,36,9999,0,123,16,999,1500,0
2019,25,25017,49,2,651,40,12,2200,7870,125,18,40,270030,250000
2019,25,25017,53,1,651,40,10,1020,7380,111,15,40,160010,110000
2019,25,25017,28,1,651,10,10,1410,3180,123,16,40,50000,50000
2019,25,25017,42,2,651,20,10,30,4380,123,16,65,360015,350000
2019,25,25017,46,1,651,20,10,710,7390,125,18,40,283029,275000
2019,25,25017,11,2,651,20,0,9999,0,1,0,999,999999999,99999999
2019,25,25017,9,2,651,20,0,9999,0,1,0,999,999999999,99999999
2019,25,25017,66,2,651,20,36,9999,0,73,10,999,6000,0
2019,25,25017,63,1,651,20,36,9999,0,73,10,999,3779,0
2019,25,25017,33,1,651,20,10,9130,8680,73,10,48,12000,12000
2019,25,25017,31,2,651,20,10,4060,8680,73,10,40,10000,10000
2019,25,25017,1,1,651,20,0,9999,0,1,0,999,999999999,99999999
2019,25,25017,46,1,651,10,10,1020,7380,123,16,45,199756,190000
2019,25,25017,38,2,651,10,10,3060,8190,125,18,55,339151,330000
2019,25,25017,6,2,651,10,0,9999,0,1,0,999,999999999,99999999
2019,25,25017,3,2,651,10,0,9999,0,1,0,999,999999999,99999999
2019,25,25017,59,1,651,70,10,4010,8680,111,15,40,74450,25000
2019,25,25017,59,2,651,70,10,4230,8470,111,15,40,40250,23000
2019,25,25017,27,2,651,70,21,3160,8190,123,16,40,59000,54000
2019,25,25017,38,2,651,20,10,4600,8470,111,15,40,48001,0
2019,25,25017,25,1,651,10,10,850,7780,111,15,40,85886,85000
2019,25,25017,38,2,651,70,10,1010,7860,123,16,40,72000,72000
2019,25,25017,44,2,651,70,10,1560,570,111,15,40,70704,70000
2019,25,25017,26,1,651,70,10,5510,6380,73,10,32,20011,20000
2019,25,25017,22,2,651,70,10,4720,8680,73,10,35,1500,1500
2019,25,25017,5,1,651,70,0,9999,0,1,0,999,999999999,99999999
2019,25,25017,43,1,651,70,10,8220,3380,73,10,40,35360,35360
2019,25,25017,34,1,651,10,10,1020,7380,111,15,40,450036,450000
2019,25,25017,34,2,651,10,32,9999,0,111,15,40,16036,16000
2019,25,25017,0,2,651,10,0,9999,0,1,0,999,999999999,99999999
2019,25,25017,57,1,651,20,10,310,8680,73,10,80,52010,0
2019,25,25017,27,1,651,20,10,2540,7860,111,15,35,30000,30000
2019,25,25017,58,1,651,20,10,130,9470,111,15,40,96130,62000
2019,25,25017,33,2,651,20,10,8740,8180,123,16,40,74126,74000
2019,25,25017,33,1,651,20,10,150,3960,124,17,40,200031,200000
2019,25,25017,51,1,651,20,34,9999,0,124,17,999,0,0
2019,25,25017,61,2,651,10,36,9999,0,123,16,999,17400,0
2019,25,25017,64,1,651,10,36,9999,0,92,14,999,16800,0
2019,25,25017,30,1,651,10,10,1300,4795,111,15,40,140002,140000
2019,25,25017,31,1,651,60,10,1020,7380,123,16,40,100001,100000
2019,25,25017,33,2,651,20,10,710,7380,123,16,60,81111,53000
2019,25,25017,33,1,651,20,10,1020,7380,123,16,40,36000,36000
2019,25,25017,21,2,651,20,10,3310,7980,111,15,38,40002,40002
2019,25,25017,20,1,651,20,10,7010,8790,111,15,40,53545,39000
2019,25,25017,5,1,651,20,0,9999,0,1,0,999,999999999,99999999
2019,25,25017,0,1,651,20,0,9999,0,1,0,999,999999999,99999999
2019,25,25017,27,2,651,20,10,620,7390,111,15,40,115010,115000
2019,25,25017,16,2,651,70,10,4600,8470,40,6,2,250,0
2019,25,25017,31,1,651,30,10,1800,7460,125,18,56,99000,50000
2019,25,25017,27,1,651,10,10,2200,7870,123,16,30,90000,30000
2019,25,25017,48,2,651,10,10,1650,8190,125,18,40,200400,200000
2019,25,25017,52,1,651,10,10,1010,7380,111,15,40,200300,200000
2019,25,25017,11,1,651,10,0,9999,0,1,0,999,999999999,99999999
2019,25,25017,70,2,651,30,36,9999,0,40,6,999,0,0
2019,25,25017,36,2,651,10,10,2310,7860,111,15,25,35140,35000
2019,25,25017,38,1,651,10,10,1760,3490,123,16,50,58000,58000
2019,25,25017,8,2,651,10,0,9999,0,1,0,999,999999999,99999999
2019,25,25017,70,2,651,70,36,9999,0,123,16,999,29710,0
2019,25,25017,34,1,651,20,34,9999,0,111,15,70,11801,10000
2019,25,25017,5,1,651,20,0,9999,0,1,0,999,999999999,99999999
2019,25,25017,28,2,651,10,10,500,7390,123,16,40,66003,66000
2019,25,25017,32,1,651,10,10,830,6870,123,16,40,70003,70000
2019,25,25017,25,1,651,10,10,1020,7380,123,16,40,40200,40000
2019,25,25017,28,1,651,10,10,1020,7290,125,18,40,40000,40000
2019,25,25017,23,1,651,10,10,1020,7380,123,16,40,40000,40000
2019,25,25017,43,2,651,20,10,1010,7970,123,16,36,104828,102000
2019,25,25017,42,1,651,20,10,1800,7390,123,16,40,100202,100000
2019,25,25017,10,2,651,20,0,9999,0,1,0,999,999999999,99999999
2019,25,25017,6,1,651,20,0,9999,0,1,0,999,999999999,99999999
2019,25,25017,33,2,651,20,10,2630,7390,123,16,35,115528,0
2019,25,25017,54,1,651,50,10,7700,9070,123,16,32,80042,80000
2019,25,25017,52,2,651,50,10,2140,9470,111,15,40,69500,65000
2019,25,25017,27,1,651,50,10,4760,4870,111,15,15,12000,8000
2019,25,25017,25,1,651,20,34,9999,0,111,15,999,18002,0
2019,25,25017,29,2,651,20,34,9999,0,111,15,999,18006,0
2019,25,25017,22,1,651,20,34,9999,0,111,15,999,18002,0
2019,25,25017,21,1,651,20,34,9999,0,81,11,999,54001,0
2019,25,25017,24,2,651,20,10,1960,7070,123,16,35,42010,18000
2019,25,25017,33,1,651,30,10,840,4490,111,15,40,61003,60000
2019,25,25017,64,1,651,30,12,5120,4870,111,15,15,26002,26000
2019,25,25017,64,2,651,30,12,5140,5170,111,15,40,38210,38000
2019,25,25017,35,1,651,70,10,3060,8190,125,18,60,208779,197000
2019,25,25017,23,1,651,20,34,9999,0,111,15,40,8842,8800
2019,25,25017,58,2,651,20,10,800,770,111,15,35,75055,75000
2019,25,25017,26,2,651,30,10,2200,7870,111,15,50,57223,8162
2019,25,25017,49,2,651,20,34,9999,0,111,15,999,100,0
2019,25,25017,53,1,651,10,10,6200,770,111,15,50,50100,0
2019,25,25017,18,1,651,20,34,9999,0,81,11,999,0,0
2019,25,25017,36,1,651,10,10,730,6970,123,16,999,0,0
2019,25,25017,37,2,651,10,34,9999,0,125,18,999,0,0
2019,25,25017,8,2,651,10,0,9999,0,1,0,999,999999999,99999999
2019,25,25017,64,2,651,20,36,9999,0,111,15,999,9000,0
2019,25,25017,23,2,651,20,10,1740,7390,111,15,40,47207,47000
2019,25,25017,22,1,651,30,10,2310,7860,111,15,50,25050,25000
2019,25,25017,31,1,651,30,10,4700,5790,111,15,60,88011,77000
2019,25,25017,33,2,651,20,10,8965,1680,111,15,40,25020,25000
2019,25,25017,36,1,651,70,10,3060,8190,124,17,48,413040,400000
2019,25,25017,35,2,651,70,10,3010,7980,124,17,36,260040,250000
2019,25,25017,3,2,651,70,0,9999,0,1,0,999,999999999,99999999
2019,25,25017,1,2,651,70,0,9999,0,1,0,999,999999999,99999999
2019,25,25021,38,2,651,20,10,7720,3490,73,10,45,43621,32000
2019,25,25021,8,1,651,20,0,9999,0,1,0,999,999999999,99999999
2019,25,25021,44,2,651,60,10,4520,8980,73,10,38,65000,65000
2019,25,25021,55,1,651,60,10,1010,9370,111,15,40,32450,30000
2019,25,25021,16,1,651,60,34,9999,0,40,6,999,0,0
2019,25,25021,63,2,651,20,10,3130,8190,111,15,30,121602,120000
2019,25,25021,58,1,651,20,36,9999,0,30,5,999,3204,0
2019,25,25021,71,2,651,20,10,910,7870,111,15,40,81602,80000
2019,25,25021,72,1,651,20,36,9999,0,125,18,999,19323,0
2019,25,25021,19,2,651,20,34,9999,0,81,11,999,2,0
2019,25,25021,22,2,651,20,34,9999,0,81,11,999,25,0
2019,25,25021,51,1,651,10,10,10,7460,125,18,50,336800,285000
2019,25,25021,27,1,651,10,10,1430,3960,123,16,40,112050,112000
2019,25,25021,26,2,651,10,34,9999,0,111,15,999,0,0
2019,25,25021,44,2,651,20,10,800,6990,123,16,40,93982,90000
2019,25,25021,45,1,651,20,10,120,6970,123,16,40,251355,250050
2019,25,25021,12,2,651,20,0,9999,0,1,0,999,999999999,99999999
2019,25,25021,9,1,651,20,0,9999,0,1,0,999,999999999,99999999
2019,25,25021,29,2,651,20,10,1460,3670,123,16,40,72595,72000
2019,25,25021,26,1,651,20,10,1460,3670,123,16,40,86319,85000
2019,25,25021,51,2,651,20,10,2100,9570,124,17,35,104267,104000
2019,25,25021,37,1,651,10,10,1760,7870,125,18,40,122059,120000
2019,25,25021,49,1,651,10,10,5240,8680,111,15,20,65530,64000
2019,25,25021,55,2,651,30,10,7750,3990,92,14,40,33505,33000
2019,25,25021,5,2,651,20,0,9999,0,1,0,999,999999999,99999999
2019,25,25021,4,2,651,20,0,9999,0,1,0,999,999999999,99999999
2019,25,25021,3,2,651,20,0,9999,0,1,0,999,999999999,99999999
2019,25,25021,57,2,651,60,10,4520,8990,92,14,15,11501,10000
2019,25,25021,35,1,651,40,34,9999,0,125,18,999,0,0
2019,25,25021,13,2,651,20,0,9999,0,1,0,999,999999999,99999999
2019,25,25021,22,2,651,20,34,9999,0,81,11,999,4,0
2019,25,25021,23,2,651,20,34,9999,0,81,11,999,0,0
2019,25,25021,24,1,651,10,34,9999,0,111,15,999,36080,0
2019,25,25021,36,2,651,10,34,9999,0,111,15,999,5,0
2019,25,25021,35,1,651,10,10,1360,7290,111,15,40,100000,100000
2019,25,25021,7,1,651,10,0,9999,0,1,0,999,999999999,99999999
2019,25,25021,3,2,651,10,0,9999,0,1,0,999,999999999,99999999
2019,25,25023,59,1,651,60,32,9999,0,73,10,999,13200,0
2019,25,25023,85,2,651,60,36,9999,0,10,4,999,16800,0
2019,25,25023,54,2,651,30,10,5165,6970,111,15,40,42015,35000
2019,25,25023,40,1,651,70,10,4700,4990,111,15,40,82755,82000
2019,25,25023,36,2,651,70,10,4720,4990,92,14,48,22476,22476
2019,25,25023,13,1,651,70,0,9999,0,1,0,999,999999999,99999999
2019,25,25023,60,1,651,20,12,2000,7870,123,16,50,51130,50000
2019,25,25025,21,1,651,10,34,9999,0,81,11,999,0,0
2019,25,25025,21,1,651,10,34,9999,0,81,11,999,25,0
2019,25,25025,25,2,651,70,10,5860,9370,81,11,40,28000,28000
2019,25,25025,36,2,651,20,10,20,7460,123,16,50,201552,200000
2019,25,25025,24,2,651,10,10,310,8680,111,15,40,45003,45001
2019,25,25025,22,1,651,10,34,9999,0,73,10,999,36002,0
2019,25,25025,27,1,651,10,10,310,8680,73,10,60,45002,45000
2019,25,25025,34,2,651,20,34,9999,0,123,16,999,31321,0
2019,25,25025,24,1,651,20,10,560,4380,123,16,40,356000,234000
2019,25,25025,24,2,651,20,34,9999,0,123,16,999,0,0
2019,25,25025,44,2,651,20,21,4050,8680,73,10,30,15400,15000
2019,25,25025,9,1,651,20,0,9999,0,1,0,999,999999999,99999999
2019,25,25025,7,2,651,20,0,9999,0,1,0,999,999999999,99999999
2019,25,25025,23,1,651,20,34,9999,0,111,15,999,25020,0
2019,25,25025,29,1,651,20,10,2200,7870,123,16,25,75020,75000
2019,25,25025,28,2,651,50,10,1000,8190,123,16,40,75022,75002
2019,25,25025,36,1,651,20,10,1530,3960,111,15,40,94461,91000
2019,25,25025,30,2,651,20,21,2000,8090,111,15,999,0,0
2019,25,25025,68,1,651,20,36,9999,0,73,10,999,17405,0
2019,25,25025,63,2,651,20,10,4230,8660,40,6,40,25709,25709
2019,25,25025,25,2,651,20,10,1650,7460,111,15,40,50002,40000
2019,25,25025,42,2,651,10,10,3010,7980,124,17,36,260040,250000
2019,25,25025,48,1,651,10,10,1020,7870,123,16,45,199756,190000
2019,25,25025,17,2,651,10,34,9999,0,71,9,999,0,0
2019,25,25025,10,1,651,10,0,9999,0,1,0,999,999999999,99999999
2019,25,25025,35,1,651,20,10,1020,6990,123,16,40,152251,150000
2019,25,25025,35,2,651,20,10,800,6870,123,16,40,181000,180000
2019,25,25025,6,2,651,20,0,9999,0,1,0,999,999999999,99999999
2019,25,25025,6,1,651,20,0,9999,0,1,0,999,999999999,99999999
2019,25,25025,61,1,651,20,10,1650,8190,125,18,40,200302,100000
2019,25,25025,56,2,651,20,34,9999,0,81,11,999,0,0
2019,25,25025,23,2,651,20,10,1400,7380,111,15,56,63010,60000
2019,25,25025,55,1,651,60,10,6260,770,73,10,40,8000,8000
2019,25,25025,55,2,651,60,10,6260,770,111,15,4,800,800
2019,25,25025,16,1,651,60,10,6260,770,40,6,999,0,0
2019,25,25005,27,1,651,20,10,7200,4670,111,15,99,100001,100000
2019,25,25005,18,2,651,20,34,9999,0,73,10,999,5,0
2019,25,25005,16,2,651,20,34,9999,0,60,8,999,801,0
2019,25,25005,38,1,651,70,10,4700,4970,91,13,20,10001,10000
2019,25,25005,33,2,651,70,34,9999,0,92,14,999,3501,0
2019,25,25005,11,2,651,70,0,9999,0,1,0,999,999999999,99999999
2019,25,25005,5,2,651,70,0,9999,0,1,0,999,999999999,99999999
2019,25,25005,1,2,651,70,0,9999,0,1,0,999,999999999,99999999
2019,25,25013,51,2,651,50,10,2550,7860,123,16,40,50117,50000
2019,25,25013,69,2,651,30,36,9999,0,71,9,999,9480,0
2019,25,25013,71,1,651,50,36,9999,0,73,10,999,13129,0
2019,25,25013,67,2,651,50,10,8320,9070,73,10,20,16001,16000
2019,25,25013,54,2,651,60,10,8220,3490,10,4,40,27950,22000
2019,25,25013,16,2,651,60,34,9999,0,60,8,999,0,0
2019,25,25013,53,2,651,20,32,9999,0,81,11,999,9659,0
2019,25,25013,62,1,651,60,36,9999,0,30,5,999,8172,0
2019,25,25013,52,2,651,60,10,9600,1990,73,10,40,18000,18000
2019,25,25013,28,2,651,60,10,3050,5070,111,15,40,100000,100000
2019,25,25013,22,2,651,60,34,9999,0,81,11,999,20000,0
2019,25,25013,67,1,651,20,10,220,770,111,15,40,56000,55000
2019,25,25013,63,2,651,20,36,9999,0,40,6,999,0,0
2019,25,25013,75,1,651,60,36,9999,0,30,5,999,15073,0
2019,25,25013,75,2,651,60,36,9999,0,20,5,999,4,0
2019,25,25013,52,1,651,20,10,310,8680,73,10,72,67000,52000
2019,25,25013,52,2,651,20,10,310,8680,73,10,72,54000,54000
2019,25,25013,28,2,651,20,10,3050,5070,125,18,38,100007,100000
2019,25,25013,26,1,651,20,34,9999,0,111,15,999,0,0
2019,25,25015,23,2,651,20,10,5400,7890,111,15,20,11000,6000
2019,25,25015,43,2,651,20,34,9999,0,73,10,10,500,500
2019,25,25015,35,1,651,20,10,4000,8680,81,11,86,30000,30000
2019,25,25015,11,1,651,20,0,9999,0,1,0,999,999999999,99999999
2019,25,25015,9,2,651,20,0,9999,0,1,0,999,999999999,99999999
2019,25,25027,74,1,651,10,36,9999,0,111,15,999,7307,0
2019,25,25027,63,2,651,10,36,9999,0,111,15,40,1200,1200
2019,25,25027,63,1,651,70,32,9999,0,111,15,999,12000,0
2019,25,25027,46,2,651,70,10,4510,8980,111,15,20,16000,16000
2019,25,25027,18,1,651,70,34,9999,0,73,10,999,0,0
2019,25,25027,16,1,651,70,34,9999,0,50,7,999,0,0
2019,25,25027,76,1,651,70,36,9999,0,73,10,999,5459,0
2019,25,25027,68,2,651,70,36,9999,0,73,10,999,5459,0
2019,25,25027,40,1,651,70,10,10,2190,123,16,40,185130,170000
2019,25,25027,62,2,651,10,10,1820,8370,123,16,40,35001,0
2019,25,25027,85,1,651,20,36,9999,0,125,18,999,116703,0
2019,25,25027,80,2,651,20,36,9999,0,123,16,999,248392,0
2019,25,25027,21,2,651,60,34,9999,0,81,11,999,0,0
2019,25,25027,25,1,651,60,34,9999,0,81,11,999,0,0
2019,25,25027,21,2,651,70,10,4720,5570,81,11,32,21320,21320
2019,25,25027,8,1,651,20,0,9999,0,1,0,999,999999999,99999999
2019,25,25027,38,1,651,10,10,2060,9160,123,16,22,13500,13500
2019,25,25027,34,2,651,10,34,9999,0,123,16,999,0,0
2019,25,25027,6,2,651,10,0,9999,0,1,0,999,999999999,99999999
2019,25,25027,49,1,651,10,10,5000,7980,92,14,42,75395,75000
2019,25,25027,54,1,651,20,10,1000,6870,123,16,40,77200,77000
2019,25,25027,50,2,651,20,10,1650,7460,111,15,40,173000,132000
2019,25,25027,17,1,651,20,34,9999,0,60,8,999,0,0
2019,25,25027,16,1,651,20,34,9999,0,40,6,999,0,0
2019,25,25027,35,2,651,60,10,30,7390,123,16,40,64150,62000
2019,25,25027,19,1,651,10,34,9999,0,60,8,999,3,0
2019,25,25027,47,2,651,10,34,9999,0,30,5,999,0,0
